-- MySQL dump 10.13  Distrib 5.7.15, for Win64 (x86_64)
--
-- Host: localhost    Database: tmdt
-- ------------------------------------------------------
-- Server version	5.7.15-log

/*!40101 SET @OLD_CHARACTER_SET_CLIENT=@@CHARACTER_SET_CLIENT */;
/*!40101 SET @OLD_CHARACTER_SET_RESULTS=@@CHARACTER_SET_RESULTS */;
/*!40101 SET @OLD_COLLATION_CONNECTION=@@COLLATION_CONNECTION */;
/*!40101 SET NAMES utf8 */;
/*!40103 SET @OLD_TIME_ZONE=@@TIME_ZONE */;
/*!40103 SET TIME_ZONE='+00:00' */;
/*!40014 SET @OLD_UNIQUE_CHECKS=@@UNIQUE_CHECKS, UNIQUE_CHECKS=0 */;
/*!40014 SET @OLD_FOREIGN_KEY_CHECKS=@@FOREIGN_KEY_CHECKS, FOREIGN_KEY_CHECKS=0 */;
/*!40101 SET @OLD_SQL_MODE=@@SQL_MODE, SQL_MODE='NO_AUTO_VALUE_ON_ZERO' */;
/*!40111 SET @OLD_SQL_NOTES=@@SQL_NOTES, SQL_NOTES=0 */;

--
-- Table structure for table `chi_tiet_giao_dich`
--

DROP TABLE IF EXISTS `chi_tiet_giao_dich`;
/*!40101 SET @saved_cs_client     = @@character_set_client */;
/*!40101 SET character_set_client = utf8 */;
CREATE TABLE `chi_tiet_giao_dich` (
  `id` int(10) unsigned NOT NULL AUTO_INCREMENT,
  `id_giao_dich` int(11) NOT NULL,
  `id_san_pham` int(11) NOT NULL,
  `so_luong` int(11) NOT NULL,
  `don_gia_san_pham` int(11) NOT NULL,
  `tong_tien` int(11) NOT NULL,
  PRIMARY KEY (`id`)
) ENGINE=InnoDB AUTO_INCREMENT=56 DEFAULT CHARSET=utf8 COLLATE=utf8_unicode_ci;
/*!40101 SET character_set_client = @saved_cs_client */;

--
-- Dumping data for table `chi_tiet_giao_dich`
--

LOCK TABLES `chi_tiet_giao_dich` WRITE;
/*!40000 ALTER TABLE `chi_tiet_giao_dich` DISABLE KEYS */;
INSERT INTO `chi_tiet_giao_dich` VALUES (1,3,424,14,425000,5950000),(2,1,290,19,450000,8550000),(3,4,387,11,450000,4950000),(4,4,374,5,425000,2125000),(5,2,425,30,495000,14850000),(6,3,402,19,450000,8550000),(7,4,501,13,425000,5525000),(8,4,426,24,475000,11400000),(9,3,312,8,450000,3600000),(10,3,475,1,450000,450000),(11,2,482,12,450000,5400000),(12,1,351,26,450000,11700000),(13,1,381,11,525000,5775000),(14,2,441,11,425000,4675000),(15,3,431,15,450000,6750000),(16,4,530,8,495000,3960000),(17,1,423,9,450000,4050000),(18,3,369,9,450000,4050000),(19,1,326,17,525000,8925000),(20,3,474,12,475000,5700000),(21,3,352,20,525000,10500000),(22,4,454,30,450000,13500000),(23,4,516,25,425000,10625000),(24,3,314,7,450000,3150000),(25,2,455,13,450000,5850000),(26,4,517,4,450000,1800000),(27,2,480,4,425000,1700000),(28,2,307,2,450000,900000),(29,3,398,5,450000,2250000),(30,2,504,25,450000,11250000),(31,3,318,21,450000,9450000),(32,2,336,27,450000,12150000),(33,2,468,27,525000,14175000),(34,4,485,23,525000,12075000),(35,2,507,10,450000,4500000),(36,4,410,4,525000,2100000),(37,4,333,5,525000,2625000),(38,1,404,3,425000,1275000),(39,2,399,10,475000,4750000),(40,3,411,18,425000,7650000),(41,3,527,29,450000,13050000),(42,2,323,23,450000,10350000),(43,2,377,8,450000,3600000),(44,3,490,15,450000,6750000),(45,3,287,30,425000,12750000),(46,1,526,5,525000,2625000),(47,2,409,8,450000,3600000),(48,3,491,23,450000,10350000),(49,2,393,8,450000,3600000),(50,3,459,1,425000,425000),(51,3,349,4,450000,1800000),(52,2,503,27,475000,12825000),(53,4,435,23,425000,9775000),(54,4,412,30,450000,13500000),(55,4,306,17,450000,7650000);
/*!40000 ALTER TABLE `chi_tiet_giao_dich` ENABLE KEYS */;
UNLOCK TABLES;

--
-- Table structure for table `chi_tiet_giao_dich_nguoi_ban`
--

DROP TABLE IF EXISTS `chi_tiet_giao_dich_nguoi_ban`;
/*!40101 SET @saved_cs_client     = @@character_set_client */;
/*!40101 SET character_set_client = utf8 */;
CREATE TABLE `chi_tiet_giao_dich_nguoi_ban` (
  `id` int(10) unsigned NOT NULL AUTO_INCREMENT,
  `id_giao_dich_nguoi_ban` int(11) DEFAULT NULL,
  `id_san_pham` int(11) NOT NULL,
  `so_luong` int(11) NOT NULL,
  `don_gia_san_pham` int(11) NOT NULL,
  `tong_tien` int(11) NOT NULL,
  PRIMARY KEY (`id`)
) ENGINE=InnoDB AUTO_INCREMENT=56 DEFAULT CHARSET=utf8 COLLATE=utf8_unicode_ci;
/*!40101 SET character_set_client = @saved_cs_client */;

--
-- Dumping data for table `chi_tiet_giao_dich_nguoi_ban`
--

LOCK TABLES `chi_tiet_giao_dich_nguoi_ban` WRITE;
/*!40000 ALTER TABLE `chi_tiet_giao_dich_nguoi_ban` DISABLE KEYS */;
INSERT INTO `chi_tiet_giao_dich_nguoi_ban` VALUES (1,3,424,14,425000,5950000),(2,1,290,19,450000,8550000),(3,4,387,11,450000,4950000),(4,4,374,5,425000,2125000),(5,2,425,30,495000,14850000),(6,3,402,19,450000,8550000),(7,4,501,13,425000,5525000),(8,4,426,24,475000,11400000),(9,3,312,8,450000,3600000),(10,3,475,1,450000,450000),(11,2,482,12,450000,5400000),(12,1,351,26,450000,11700000),(13,1,381,11,525000,5775000),(14,2,441,11,425000,4675000),(15,3,431,15,450000,6750000),(16,4,530,8,495000,3960000),(17,1,423,9,450000,4050000),(18,3,369,9,450000,4050000),(19,1,326,17,525000,8925000),(20,3,474,12,475000,5700000),(21,3,352,20,525000,10500000),(22,4,454,30,450000,13500000),(23,4,516,25,425000,10625000),(24,3,314,7,450000,3150000),(25,2,455,13,450000,5850000),(26,4,517,4,450000,1800000),(27,2,480,4,425000,1700000),(28,2,307,2,450000,900000),(29,3,398,5,450000,2250000),(30,2,504,25,450000,11250000),(31,3,318,21,450000,9450000),(32,2,336,27,450000,12150000),(33,2,468,27,525000,14175000),(34,4,485,23,525000,12075000),(35,2,507,10,450000,4500000),(36,4,410,4,525000,2100000),(37,4,333,5,525000,2625000),(38,1,404,3,425000,1275000),(39,2,399,10,475000,4750000),(40,3,411,18,425000,7650000),(41,3,527,29,450000,13050000),(42,2,323,23,450000,10350000),(43,2,377,8,450000,3600000),(44,3,490,15,450000,6750000),(45,3,287,30,425000,12750000),(46,1,526,5,525000,2625000),(47,2,409,8,450000,3600000),(48,3,491,23,450000,10350000),(49,2,393,8,450000,3600000),(50,3,459,1,425000,425000),(51,3,349,4,450000,1800000),(52,2,503,27,475000,12825000),(53,4,435,23,425000,9775000),(54,4,412,30,450000,13500000),(55,4,306,17,450000,7650000);
/*!40000 ALTER TABLE `chi_tiet_giao_dich_nguoi_ban` ENABLE KEYS */;
UNLOCK TABLES;

--
-- Table structure for table `danh_gia_san_pham`
--

DROP TABLE IF EXISTS `danh_gia_san_pham`;
/*!40101 SET @saved_cs_client     = @@character_set_client */;
/*!40101 SET character_set_client = utf8 */;
CREATE TABLE `danh_gia_san_pham` (
  `id` int(10) unsigned NOT NULL AUTO_INCREMENT,
  `id_tai_khoan` int(11) NOT NULL,
  `id_san_pham` int(11) NOT NULL,
  `diem_so` int(11) NOT NULL,
  `binh_luan` text COLLATE utf8_unicode_ci NOT NULL,
  `id_tinh_trang` int(11) NOT NULL DEFAULT '0',
  `ngay_tao` timestamp NOT NULL DEFAULT CURRENT_TIMESTAMP,
  `ngay_cap_nhat` timestamp NOT NULL DEFAULT CURRENT_TIMESTAMP ON UPDATE CURRENT_TIMESTAMP,
  PRIMARY KEY (`id`)
) ENGINE=InnoDB DEFAULT CHARSET=utf8 COLLATE=utf8_unicode_ci;
/*!40101 SET character_set_client = @saved_cs_client */;

--
-- Dumping data for table `danh_gia_san_pham`
--

LOCK TABLES `danh_gia_san_pham` WRITE;
/*!40000 ALTER TABLE `danh_gia_san_pham` DISABLE KEYS */;
/*!40000 ALTER TABLE `danh_gia_san_pham` ENABLE KEYS */;
UNLOCK TABLES;

--
-- Table structure for table `danh_muc_san_pham`
--

DROP TABLE IF EXISTS `danh_muc_san_pham`;
/*!40101 SET @saved_cs_client     = @@character_set_client */;
/*!40101 SET character_set_client = utf8 */;
CREATE TABLE `danh_muc_san_pham` (
  `id` int(10) unsigned NOT NULL AUTO_INCREMENT,
  `id_danh_muc_san_pham_cha` int(11) DEFAULT NULL,
  `ten` varchar(255) COLLATE utf8_unicode_ci NOT NULL,
  `id_tinh_trang` int(11) NOT NULL,
  `ngay_tao` timestamp NOT NULL DEFAULT CURRENT_TIMESTAMP,
  `ngay_cap_nhat` timestamp NOT NULL DEFAULT CURRENT_TIMESTAMP ON UPDATE CURRENT_TIMESTAMP,
  PRIMARY KEY (`id`)
) ENGINE=InnoDB AUTO_INCREMENT=15 DEFAULT CHARSET=utf8 COLLATE=utf8_unicode_ci;
/*!40101 SET character_set_client = @saved_cs_client */;

--
-- Dumping data for table `danh_muc_san_pham`
--

LOCK TABLES `danh_muc_san_pham` WRITE;
/*!40000 ALTER TABLE `danh_muc_san_pham` DISABLE KEYS */;
INSERT INTO `danh_muc_san_pham` VALUES (1,0,'Quần',1,'2016-12-09 07:38:50','2016-12-09 07:38:50'),(2,0,'Áo',1,'2016-12-09 07:38:50','2016-12-09 07:38:50'),(3,0,'Giày',1,'2016-12-09 07:38:50','2016-12-09 07:38:50'),(4,0,'Túi xách',1,'2016-12-09 07:38:50','2016-12-09 07:38:50'),(5,0,'Khác',1,'2016-12-09 07:38:50','2016-12-09 07:38:50'),(6,1,'Quần Jeans',1,'2016-12-09 07:38:50','2016-12-09 07:38:50'),(7,1,'Quần Shorts',1,'2016-12-09 07:38:50','2016-12-09 07:38:50'),(8,2,'Áo khoác',1,'2016-12-09 07:38:50','2016-12-09 07:38:50'),(9,5,'Ví',1,'2016-12-09 07:38:50','2016-12-09 07:38:50'),(10,3,'Giày búp bê',1,'2016-12-09 07:38:50','2016-12-09 07:38:50'),(11,3,'Giày bít',1,'2016-12-09 07:38:50','2016-12-09 07:38:50'),(12,3,'Giày Sandals',1,'2016-12-09 07:38:50','2016-12-09 07:38:50'),(13,4,'Balo',1,'2016-12-09 07:38:50','2016-12-09 07:38:50'),(14,4,'Túi xách',1,'2016-12-09 07:38:50','2016-12-09 07:38:50');
/*!40000 ALTER TABLE `danh_muc_san_pham` ENABLE KEYS */;
UNLOCK TABLES;

--
-- Table structure for table `giao_dich`
--

DROP TABLE IF EXISTS `giao_dich`;
/*!40101 SET @saved_cs_client     = @@character_set_client */;
/*!40101 SET character_set_client = utf8 */;
CREATE TABLE `giao_dich` (
  `id` int(10) unsigned NOT NULL AUTO_INCREMENT,
  `id_tai_khoan` int(11) NOT NULL,
  `giao_dich_cod` tinyint(4) NOT NULL,
  `giao_dich_truc_tuyen` tinyint(4) NOT NULL,
  `id_giao_dich_truc_tuyen` tinyint(4) DEFAULT NULL,
  `id_tai_khoan_giao_dich_truc_tuyen` varchar(255) COLLATE utf8_unicode_ci DEFAULT NULL,
  `thoi_gian_giao_dich` datetime NOT NULL,
  `ngay_giao_hang` datetime DEFAULT NULL,
  `dia_chi_giao_hang` varchar(200) COLLATE utf8_unicode_ci NOT NULL,
  `so_dien_thoai_giao_hang` varchar(15) COLLATE utf8_unicode_ci NOT NULL,
  `ten_nguoi_nhan` varchar(200) COLLATE utf8_unicode_ci NOT NULL,
  `ma_khuyen_mai` varchar(200) COLLATE utf8_unicode_ci DEFAULT NULL,
  `tong_tien` int(11) NOT NULL,
  `id_tinh_trang` int(11) DEFAULT NULL,
  `ngay_tao` timestamp NOT NULL DEFAULT CURRENT_TIMESTAMP,
  `ngay_cap_nhat` timestamp NOT NULL DEFAULT CURRENT_TIMESTAMP ON UPDATE CURRENT_TIMESTAMP,
  PRIMARY KEY (`id`)
) ENGINE=InnoDB AUTO_INCREMENT=5 DEFAULT CHARSET=utf8 COLLATE=utf8_unicode_ci;
/*!40101 SET character_set_client = @saved_cs_client */;

--
-- Dumping data for table `giao_dich`
--

LOCK TABLES `giao_dich` WRITE;
/*!40000 ALTER TABLE `giao_dich` DISABLE KEYS */;
INSERT INTO `giao_dich` VALUES (1,5,1,0,NULL,NULL,'2010-08-30 19:57:39','2010-08-30 19:57:39','lngXBGO3 AoszJ 0PpybdQ X2v0 ','01072172546','Nghia','TaF94',42900000,3,'2010-08-30 12:57:39','2016-12-09 07:42:35'),(2,4,1,0,NULL,NULL,'2010-08-30 19:57:39','2010-08-30 19:57:39','lngXBGO3 AoszJ 0PpybdQ X2v','01072172546','Dung','SuzBS',114175000,3,'2010-08-30 12:57:39','2016-12-09 07:42:38'),(3,1,1,0,NULL,NULL,'2010-08-30 19:57:39','2010-08-30 19:57:39','lngXBGO3 AoszJ 0PpybdQ X','01072172546','Hung','u8Xxh',113175000,4,'2010-08-30 12:57:39','2016-12-09 07:42:37'),(4,5,1,0,NULL,NULL,'2010-08-30 19:57:39','2010-08-30 19:57:39','lngXBGO3 AoszJ 0Ppybd','01072172546','Truong','W0ZLX',101610000,7,'2010-08-30 12:57:39','2016-12-09 07:42:38');
/*!40000 ALTER TABLE `giao_dich` ENABLE KEYS */;
UNLOCK TABLES;

--
-- Table structure for table `giao_dich_nguoi_ban`
--

DROP TABLE IF EXISTS `giao_dich_nguoi_ban`;
/*!40101 SET @saved_cs_client     = @@character_set_client */;
/*!40101 SET character_set_client = utf8 */;
CREATE TABLE `giao_dich_nguoi_ban` (
  `id` int(10) unsigned NOT NULL AUTO_INCREMENT,
  `id_tai_khoan_mua` int(11) NOT NULL,
  `id_tai_khoan_ban` int(11) NOT NULL,
  `giao_dich_cod` tinyint(4) DEFAULT NULL,
  `giao_dich_truc_tuyen` tinyint(4) DEFAULT NULL,
  `id_giao_dich_truc_tuyen` tinyint(4) DEFAULT NULL,
  `id_tai_khoan_giao_dich_truc_tuyen` varchar(255) COLLATE utf8_unicode_ci DEFAULT NULL,
  `thoi_gian_giao_dich` datetime NOT NULL,
  `ngay_giao_hang` datetime DEFAULT NULL,
  `dia_chi_giao_hang` varchar(200) COLLATE utf8_unicode_ci NOT NULL,
  `so_dien_thoai_giao_hang` varchar(15) COLLATE utf8_unicode_ci NOT NULL,
  `ten_nguoi_nhan` varchar(200) COLLATE utf8_unicode_ci NOT NULL,
  `ma_khuyen_mai` varchar(200) COLLATE utf8_unicode_ci DEFAULT NULL,
  `tong_tien` int(11) NOT NULL,
  `id_tinh_trang` int(11) DEFAULT NULL,
  `ngay_tao` timestamp NOT NULL DEFAULT CURRENT_TIMESTAMP,
  `ngay_cap_nhat` timestamp NOT NULL DEFAULT CURRENT_TIMESTAMP ON UPDATE CURRENT_TIMESTAMP,
  PRIMARY KEY (`id`)
) ENGINE=InnoDB AUTO_INCREMENT=5 DEFAULT CHARSET=utf8 COLLATE=utf8_unicode_ci;
/*!40101 SET character_set_client = @saved_cs_client */;

--
-- Dumping data for table `giao_dich_nguoi_ban`
--

LOCK TABLES `giao_dich_nguoi_ban` WRITE;
/*!40000 ALTER TABLE `giao_dich_nguoi_ban` DISABLE KEYS */;
INSERT INTO `giao_dich_nguoi_ban` VALUES (1,3,3,1,0,NULL,NULL,'2010-03-22 02:07:30','2010-03-22 02:07:30','lngXBGO3 AoszJ 0PpybdQ X2v0 w','01202251282','Nghia','T6hNK',45525000,5,'2010-03-21 19:07:30','2016-12-09 07:42:35'),(2,3,4,1,0,NULL,NULL,'2010-03-22 02:07:30','2010-03-22 02:07:30','lngXBGO3 AoszJ 0Ppyb','01202251282','Dung','wiFjr',127000000,7,'2010-03-21 19:07:30','2016-12-09 07:42:38'),(3,3,1,1,0,NULL,NULL,'2010-03-22 02:07:30','2010-03-22 02:07:30','lngXBGO3 AoszJ 0PpybdQ X2v','01202251282','Hung','8gLQL',114975000,5,'2010-03-21 19:07:30','2016-12-09 07:42:37'),(4,5,2,1,0,NULL,NULL,'2010-03-22 02:07:30','2010-03-22 02:07:30','lngXBGO3 AoszJ 0Ppyb','01202251282','Truong','0fUJ2',109260000,4,'2010-03-21 19:07:30','2016-12-09 07:42:38');
/*!40000 ALTER TABLE `giao_dich_nguoi_ban` ENABLE KEYS */;
UNLOCK TABLES;

--
-- Table structure for table `hoa_don_tai_khoan`
--

DROP TABLE IF EXISTS `hoa_don_tai_khoan`;
/*!40101 SET @saved_cs_client     = @@character_set_client */;
/*!40101 SET character_set_client = utf8 */;
CREATE TABLE `hoa_don_tai_khoan` (
  `id` int(10) unsigned NOT NULL AUTO_INCREMENT,
  `id_tai_khoan_ban` int(11) NOT NULL,
  `id_tinh_trang` int(11) NOT NULL DEFAULT '0',
  `so_tien_chuyen_khoan` double(8,2) NOT NULL,
  `hinh_thuc_thanh_toan` varchar(255) COLLATE utf8_unicode_ci NOT NULL,
  `ngay_tao` timestamp NOT NULL DEFAULT CURRENT_TIMESTAMP,
  `ngay_cap_nhat` timestamp NOT NULL DEFAULT CURRENT_TIMESTAMP ON UPDATE CURRENT_TIMESTAMP,
  PRIMARY KEY (`id`)
) ENGINE=InnoDB DEFAULT CHARSET=utf8 COLLATE=utf8_unicode_ci;
/*!40101 SET character_set_client = @saved_cs_client */;

--
-- Dumping data for table `hoa_don_tai_khoan`
--

LOCK TABLES `hoa_don_tai_khoan` WRITE;
/*!40000 ALTER TABLE `hoa_don_tai_khoan` DISABLE KEYS */;
/*!40000 ALTER TABLE `hoa_don_tai_khoan` ENABLE KEYS */;
UNLOCK TABLES;

--
-- Table structure for table `migrations`
--

DROP TABLE IF EXISTS `migrations`;
/*!40101 SET @saved_cs_client     = @@character_set_client */;
/*!40101 SET character_set_client = utf8 */;
CREATE TABLE `migrations` (
  `id` int(10) unsigned NOT NULL AUTO_INCREMENT,
  `migration` varchar(255) COLLATE utf8_unicode_ci NOT NULL,
  `batch` int(11) NOT NULL,
  PRIMARY KEY (`id`)
) ENGINE=InnoDB AUTO_INCREMENT=214 DEFAULT CHARSET=utf8 COLLATE=utf8_unicode_ci;
/*!40101 SET character_set_client = @saved_cs_client */;

--
-- Dumping data for table `migrations`
--

LOCK TABLES `migrations` WRITE;
/*!40000 ALTER TABLE `migrations` DISABLE KEYS */;
INSERT INTO `migrations` VALUES (199,'2014_10_12_000000_create_users_table',1),(200,'2014_10_12_100000_create_password_resets_table',1),(201,'2016_09_25_055622_create_san_pham_table',1),(202,'2016_09_25_085957_create_giao_dich_table',1),(203,'2016_09_28_171104_create_quan_tri_vien_table',1),(204,'2016_09_30_031741_create_danh_muc_san_pham_table',1),(205,'2016_10_01_102018_create_chi_tiet_giao_dich_table',1),(206,'2016_10_04_020931_create_danh_gia_san_pham_table',1),(207,'2016_10_04_021530_create_thong_tin_giao_hang_table',1),(208,'2016_10_08_151323_create_tinh_trang_table',1),(209,'2016_10_24_170746_create_tai_khoan_nguoi_mua_table',1),(210,'2016_11_11_140517_create_tai_khoan_nguoi_ban_table',1),(211,'2016_12_06_015452_create_hoa_don_tai_khoan',1),(212,'2016_12_06_020222_create_giao_dich_nguoi_ban',1),(213,'2016_12_06_020640_create_chi_tiet_giao_dich_nguoi_ban',1);
/*!40000 ALTER TABLE `migrations` ENABLE KEYS */;
UNLOCK TABLES;

--
-- Table structure for table `password_resets`
--

DROP TABLE IF EXISTS `password_resets`;
/*!40101 SET @saved_cs_client     = @@character_set_client */;
/*!40101 SET character_set_client = utf8 */;
CREATE TABLE `password_resets` (
  `email` varchar(255) COLLATE utf8_unicode_ci NOT NULL,
  `token` varchar(255) COLLATE utf8_unicode_ci NOT NULL,
  `created_at` timestamp NULL DEFAULT NULL,
  KEY `password_resets_email_index` (`email`),
  KEY `password_resets_token_index` (`token`)
) ENGINE=InnoDB DEFAULT CHARSET=utf8 COLLATE=utf8_unicode_ci;
/*!40101 SET character_set_client = @saved_cs_client */;

--
-- Dumping data for table `password_resets`
--

LOCK TABLES `password_resets` WRITE;
/*!40000 ALTER TABLE `password_resets` DISABLE KEYS */;
/*!40000 ALTER TABLE `password_resets` ENABLE KEYS */;
UNLOCK TABLES;

--
-- Table structure for table `quan_tri_vien`
--

DROP TABLE IF EXISTS `quan_tri_vien`;
/*!40101 SET @saved_cs_client     = @@character_set_client */;
/*!40101 SET character_set_client = utf8 */;
CREATE TABLE `quan_tri_vien` (
  `id` int(10) unsigned NOT NULL AUTO_INCREMENT,
  `ten_dang_nhap` varchar(255) COLLATE utf8_unicode_ci NOT NULL,
  `mat_khau` varchar(255) COLLATE utf8_unicode_ci NOT NULL,
  `email` varchar(255) COLLATE utf8_unicode_ci NOT NULL,
  `ho` varchar(255) COLLATE utf8_unicode_ci NOT NULL,
  `ten` varchar(255) COLLATE utf8_unicode_ci NOT NULL,
  `anh_dai_dien` varchar(255) COLLATE utf8_unicode_ci NOT NULL DEFAULT 'no-avatar',
  `id_tinh_trang` int(11) NOT NULL,
  `phan_quyen` tinyint(4) NOT NULL,
  `ngay_tao` timestamp NOT NULL DEFAULT CURRENT_TIMESTAMP,
  `ngay_cap_nhat` timestamp NOT NULL DEFAULT CURRENT_TIMESTAMP ON UPDATE CURRENT_TIMESTAMP,
  PRIMARY KEY (`id`),
  UNIQUE KEY `quan_tri_vien_ten_dang_nhap_unique` (`ten_dang_nhap`),
  UNIQUE KEY `quan_tri_vien_email_unique` (`email`)
) ENGINE=InnoDB AUTO_INCREMENT=2 DEFAULT CHARSET=utf8 COLLATE=utf8_unicode_ci;
/*!40101 SET character_set_client = @saved_cs_client */;

--
-- Dumping data for table `quan_tri_vien`
--

LOCK TABLES `quan_tri_vien` WRITE;
/*!40000 ALTER TABLE `quan_tri_vien` DISABLE KEYS */;
INSERT INTO `quan_tri_vien` VALUES (1,'nhu','$2y$10$m2eVa7T7Fw9fsJSB7evwR.gu6gxOHWgg3XLyenEGVtaTuL5RfS/5q','quynhnhu@gmail.com','Phạm Lê','Quỳnh Như','no-avatar',11,0,'2016-12-09 14:38:51','2016-12-09 14:38:51');
/*!40000 ALTER TABLE `quan_tri_vien` ENABLE KEYS */;
UNLOCK TABLES;

--
-- Table structure for table `san_pham`
--

DROP TABLE IF EXISTS `san_pham`;
/*!40101 SET @saved_cs_client     = @@character_set_client */;
/*!40101 SET character_set_client = utf8 */;
CREATE TABLE `san_pham` (
  `id` int(10) unsigned NOT NULL AUTO_INCREMENT,
  `id_danh_muc_san_pham` int(11) NOT NULL,
  `id_nguoi_ban` int(11) NOT NULL,
  `ten` varchar(255) COLLATE utf8_unicode_ci NOT NULL,
  `anh_dai_dien` varchar(255) COLLATE utf8_unicode_ci NOT NULL,
  `anh_chi_tiet_1` varchar(255) COLLATE utf8_unicode_ci NOT NULL,
  `anh_chi_tiet_2` varchar(255) COLLATE utf8_unicode_ci NOT NULL,
  `anh_chi_tiet_3` varchar(255) COLLATE utf8_unicode_ci NOT NULL,
  `mo_ta` mediumtext COLLATE utf8_unicode_ci NOT NULL,
  `so_luong_ton_kho` int(11) NOT NULL,
  `don_gia_goc` int(11) NOT NULL,
  `phan_tram_khuyen_mai` int(11) NOT NULL DEFAULT '0',
  `gia_ban_hien_tai` int(11) DEFAULT NULL,
  `nha_san_xuat` varchar(255) COLLATE utf8_unicode_ci NOT NULL,
  `id_tinh_trang` int(11) NOT NULL,
  `ngay_tao` timestamp NOT NULL DEFAULT CURRENT_TIMESTAMP,
  `ngay_cap_nhat` timestamp NOT NULL DEFAULT CURRENT_TIMESTAMP ON UPDATE CURRENT_TIMESTAMP,
  PRIMARY KEY (`id`)
) ENGINE=InnoDB AUTO_INCREMENT=540 DEFAULT CHARSET=utf8 COLLATE=utf8_unicode_ci;
/*!40101 SET character_set_client = @saved_cs_client */;

--
-- Dumping data for table `san_pham`
--

LOCK TABLES `san_pham` WRITE;
/*!40000 ALTER TABLE `san_pham` DISABLE KEYS */;
INSERT INTO `san_pham` VALUES (282,6,6,'Skinny Regular Ankle Jeans','img/san_pham/jeans_hm1.jpg','img/san_pham/jeans_hm1.jpg','img/san_pham/img/san_pham/jeans_hm1.jpg','img/san_pham/img/san_pham/jeans_hm1.jpg','Màu sắc: Xanh đậm. <br/>Chiều dài:100cm.',30,450000,0,450000,'MINX',1,'2016-11-01 15:43:01','2016-12-09 14:39:30'),(283,6,6,'Skinny Regular Ankle Jeans','img/san_pham/jeans_hm2.jpg','img/san_pham/jeans_hm2.jpg','img/san_pham/img/san_pham/jeans_hm2.jpg','img/san_pham/img/san_pham/jeans_hm2.jpg','Màu sắc: Xanh đậm. <br/>Chiều dài:100cm.',30,450000,0,450000,'MINX',1,'2016-11-01 15:43:01','2016-12-09 14:39:30'),(284,6,6,'Skinny Regular Ankle Jeans','img/san_pham/jeans_hm3.jpg','img/san_pham/jeans_hm3.jpg','img/san_pham/img/san_pham/jeans_hm3.jpg','img/san_pham/img/san_pham/jeans_hm3.jpg','Màu sắc: Xanh đậm. <br/>Chiều dài:100cm.',30,525000,0,525000,'MINX',1,'2016-11-01 15:43:01','2016-12-09 14:39:30'),(285,6,6,'Straight Cropped High Jeans','img/san_pham/jeans_hm4.jpg','img/san_pham/jeans_hm4.jpg','img/san_pham/img/san_pham/jeans_hm4.jpg','img/san_pham/img/san_pham/jeans_hm4.jpg','Màu sắc: Xanh đậm. <br/>Chiều dài:100cm.',30,450000,0,450000,'MINX',1,'2016-11-01 15:43:01','2016-12-09 14:39:30'),(286,6,6,'Straight Cropped High Jeans','img/san_pham/jeans_hm5.jpg','img/san_pham/jeans_hm5.jpg','img/san_pham/img/san_pham/jeans_hm5.jpg','img/san_pham/img/san_pham/jeans_hm5.jpg','Màu sắc: Xanh đậm. <br/>Chiều dài:100cm.',30,525000,0,525000,'MINX',1,'2016-11-01 15:43:01','2016-12-09 14:39:30'),(287,6,6,'Skinny Regular Ankle Jeans','img/san_pham/jeans_hm6.jpg','img/san_pham/jeans_hm6.jpg','img/san_pham/img/san_pham/jeans_hm6.jpg','img/san_pham/img/san_pham/jeans_hm6.jpg','Màu sắc: Đen. <br/>Chiều dài:100cm.',0,425000,0,425000,'MINX',1,'2016-11-01 15:43:01','2016-12-09 07:42:35'),(288,6,6,'Super Skinny High Jeggings','img/san_pham/jeans_hm7.jpg','img/san_pham/jeans_hm7.jpg','img/san_pham/img/san_pham/jeans_hm7.jpg','img/san_pham/img/san_pham/jeans_hm7.jpg','Màu sắc: Đen. <br/>Chiều dài:100cm.',30,450000,0,450000,'MINX',1,'2016-11-01 15:43:01','2016-12-09 14:39:30'),(289,6,6,'Super Skinny Low Jeans','img/san_pham/jeans_hm8.jpg','img/san_pham/jeans_hm8.jpg','img/san_pham/img/san_pham/jeans_hm8.jpg','img/san_pham/img/san_pham/jeans_hm8.jpg','Màu sắc: Đen. <br/>Chiều dài:100cm.',30,450000,0,450000,'MINX',1,'2016-11-01 15:43:01','2016-12-09 14:39:30'),(290,6,6,'Super Skinny Low Jeans','img/san_pham/jeans_hm9.jpg','img/san_pham/jeans_hm9.jpg','img/san_pham/img/san_pham/jeans_hm9.jpg','img/san_pham/img/san_pham/jeans_hm9.jpg','Màu sắc: Đen. <br/>Chiều dài:100cm.',11,450000,0,450000,'MINX',1,'2016-11-01 15:43:01','2016-12-09 07:42:24'),(291,6,6,'Super Skinny High Jeggings','img/san_pham/jeans_hm10.jpg','img/san_pham/jeans_hm10.jpg','img/san_pham/img/san_pham/jeans_hm10.jpg','img/san_pham/img/san_pham/jeans_hm10.jpg','Màu sắc: Đen. <br/>Chiều dài:100cm.',30,495000,0,495000,'MINX',1,'2016-11-01 15:43:01','2016-12-09 14:39:30'),(292,6,6,'Super Skinny Low Jeans','img/san_pham/jeans_hm11.jpg','img/san_pham/jeans_hm11.jpg','img/san_pham/img/san_pham/jeans_hm11.jpg','img/san_pham/img/san_pham/jeans_hm11.jpg','Màu sắc: Đen. <br/>Chiều dài:100cm.',30,450000,0,450000,'MINX',1,'2016-11-01 15:43:01','2016-12-09 14:39:30'),(293,6,6,'Super Skinny High Jeggings','img/san_pham/jeans_hm12.jpg','img/san_pham/jeans_hm12.jpg','img/san_pham/img/san_pham/jeans_hm12.jpg','img/san_pham/img/san_pham/jeans_hm12.jpg','Màu sắc: Đen. <br/>Chiều dài:100cm.',30,425000,0,425000,'MINX',1,'2016-11-01 15:43:01','2016-12-09 14:39:30'),(294,6,6,'Super Skinny Low Jeans','img/san_pham/jeans_hm13.jpg','img/san_pham/jeans_hm13.jpg','img/san_pham/img/san_pham/jeans_hm13.jpg','img/san_pham/img/san_pham/jeans_hm13.jpg','Màu sắc: Xanh đậm. <br/>Chiều dài:100cm.',30,450000,0,450000,'MINX',1,'2016-11-01 15:43:01','2016-12-09 14:39:30'),(295,6,6,'Super Skinny Low Jeans','img/san_pham/jeans_hm14.jpg','img/san_pham/jeans_hm14.jpg','img/san_pham/img/san_pham/jeans_hm14.jpg','img/san_pham/img/san_pham/jeans_hm14.jpg','Màu sắc: Xanh đậm. <br/>Chiều dài:100cm.',30,525000,0,525000,'MINX',1,'2016-11-01 15:43:01','2016-12-09 14:39:30'),(296,6,6,'Feather Soft Low Jeggings','img/san_pham/jeans_hm15.jpg','img/san_pham/jeans_hm15.jpg','img/san_pham/img/san_pham/jeans_hm15.jpg','img/san_pham/img/san_pham/jeans_hm15.jpg','Màu sắc: Xanh đậm. <br/>Chiều dài:100cm.',30,525000,0,525000,'MINX',1,'2016-11-01 15:43:01','2016-12-09 14:39:30'),(297,6,6,'Shaping Skinny Regular Jeans','img/san_pham/jeans_hm16.jpg','img/san_pham/jeans_hm16.jpg','img/san_pham/img/san_pham/jeans_hm16.jpg','img/san_pham/img/san_pham/jeans_hm16.jpg','Màu sắc: Xanh đậm. <br/>Chiều dài:100cm.',30,525000,0,525000,'MINX',1,'2016-11-01 15:43:01','2016-12-09 14:39:30'),(298,6,6,'Skinny Low Ankle Jeans','img/san_pham/jeans_hm17.jpg','img/san_pham/jeans_hm17.jpg','img/san_pham/img/san_pham/jeans_hm17.jpg','img/san_pham/img/san_pham/jeans_hm17.jpg','Màu sắc: Xanh đậm. <br/>Chiều dài:100cm.',30,450000,0,450000,'MINX',1,'2016-11-01 15:43:01','2016-12-09 14:39:30'),(299,6,6,'Shaping Skinny Regular Jeans','img/san_pham/jeans_hm18.jpg','img/san_pham/jeans_hm18.jpg','img/san_pham/img/san_pham/jeans_hm18.jpg','img/san_pham/img/san_pham/jeans_hm18.jpg','Màu sắc: Xanh đậm. <br/>Chiều dài:100cm.',30,450000,0,450000,'MINX',1,'2016-11-01 15:43:01','2016-12-09 14:39:30'),(300,6,6,'Shaping Skinny Regular Jeans','img/san_pham/jeans_hm19.jpg','img/san_pham/jeans_hm19.jpg','img/san_pham/img/san_pham/jeans_hm19.jpg','img/san_pham/img/san_pham/jeans_hm19.jpg','Màu sắc: Xanh đậm. <br/>Chiều dài:100cm.',30,425000,0,425000,'MINX',1,'2016-11-01 15:43:01','2016-12-09 14:39:30'),(301,6,6,'Feather Soft Low Jeggings','img/san_pham/jeans_hm20.jpg','img/san_pham/jeans_hm20.jpg','img/san_pham/img/san_pham/jeans_hm20.jpg','img/san_pham/img/san_pham/jeans_hm20.jpg','Màu sắc: Xanh đậm. <br/>Chiều dài:100cm.',30,495000,0,495000,'MINX',1,'2016-11-01 15:43:01','2016-12-09 14:39:30'),(302,6,6,'Skinny Regular Ankle Jeans','img/san_pham/jeans_hm21.jpg','img/san_pham/jeans_hm21.jpg','img/san_pham/img/san_pham/jeans_hm21.jpg','img/san_pham/img/san_pham/jeans_hm21.jpg','Màu sắc: Đen. <br/>Chiều dài:100cm.',30,475000,0,475000,'MINX',1,'2016-11-01 15:43:01','2016-12-09 14:39:30'),(303,6,6,'Skinny Regular Ankle Jeans','img/san_pham/jeans_hm22.jpg','img/san_pham/jeans_hm22.jpg','img/san_pham/img/san_pham/jeans_hm22.jpg','img/san_pham/img/san_pham/jeans_hm22.jpg','Màu sắc: Đen. <br/>Chiều dài:100cm.',30,450000,0,450000,'MINX',1,'2016-11-01 15:43:01','2016-12-09 14:39:30'),(304,6,6,'Skinny Regular Ankle Jeans','img/san_pham/jeans_hm23.jpg','img/san_pham/jeans_hm23.jpg','img/san_pham/img/san_pham/jeans_hm23.jpg','img/san_pham/img/san_pham/jeans_hm23.jpg','Màu sắc: Đen. <br/>Chiều dài:100cm.',30,475000,0,475000,'MINX',1,'2016-11-01 15:43:01','2016-12-09 14:39:30'),(305,6,6,'Super Skinny High Jeggings','img/san_pham/jeans_hm24.jpg','img/san_pham/jeans_hm24.jpg','img/san_pham/img/san_pham/jeans_hm24.jpg','img/san_pham/img/san_pham/jeans_hm24.jpg','Màu sắc: Đen. <br/>Chiều dài:100cm.',30,450000,0,450000,'MINX',1,'2016-11-01 15:43:01','2016-12-09 14:39:30'),(306,6,6,'Super Skinny Low Jeans','img/san_pham/jeans_hm25.jpg','img/san_pham/jeans_hm25.jpg','img/san_pham/img/san_pham/jeans_hm25.jpg','img/san_pham/img/san_pham/jeans_hm25.jpg','Màu sắc: Xanh đậm. <br/>Chiều dài:100cm.',13,450000,0,450000,'MINX',1,'2016-11-01 15:43:01','2016-12-09 07:42:38'),(307,6,6,'Super Skinny Low Jeans','img/san_pham/jeans_hm26.jpg','img/san_pham/jeans_hm26.jpg','img/san_pham/img/san_pham/jeans_hm26.jpg','img/san_pham/img/san_pham/jeans_hm26.jpg','Màu sắc: Xanh đậm. <br/>Chiều dài:100cm.',28,450000,0,450000,'MINX',1,'2016-11-01 15:43:01','2016-12-09 07:42:30'),(308,6,6,'Super Skinny High Jeggings','img/san_pham/jeans_hm27.jpg','img/san_pham/jeans_hm27.jpg','img/san_pham/img/san_pham/jeans_hm27.jpg','img/san_pham/img/san_pham/jeans_hm27.jpg','Màu sắc: Xanh đậm. <br/>Chiều dài:100cm.',30,425000,0,425000,'MINX',1,'2016-11-01 15:43:01','2016-12-09 14:39:30'),(309,6,6,'Shaping Skinny Regular Jeans','img/san_pham/jeans_hm28.jpg','img/san_pham/jeans_hm28.jpg','img/san_pham/img/san_pham/jeans_hm28.jpg','img/san_pham/img/san_pham/jeans_hm28.jpg','Màu sắc: Xanh đậm. <br/>Chiều dài:100cm.',30,425000,0,425000,'MINX',1,'2016-11-01 15:43:01','2016-12-09 14:39:30'),(310,6,6,'Skinny Low Ankle Jeans','img/san_pham/jeans_hm29.jpg','img/san_pham/jeans_hm29.jpg','img/san_pham/img/san_pham/jeans_hm29.jpg','img/san_pham/img/san_pham/jeans_hm29.jpg','Màu sắc: Xanh đậm. <br/>Chiều dài:100cm.',30,450000,0,450000,'MINX',1,'2016-11-01 15:43:01','2016-12-09 14:39:30'),(311,7,7,'Modal-blend Shorts','img/san_pham/shorts_hm1.jpg','img/san_pham/shorts_hm1.jpg','img/san_pham/img/san_pham/shorts_hm1.jpg','img/san_pham/img/san_pham/shorts_hm1.jpg','Màu sắc: Xanh đậm. <br/>Chiều dài:50cm.',30,450000,0,450000,'MINX',1,'2016-11-01 15:43:01','2016-12-09 14:39:30'),(312,7,7,'Superstretch Twill Shorts','img/san_pham/shorts_hm2.jpg','img/san_pham/shorts_hm2.jpg','img/san_pham/img/san_pham/shorts_hm2.jpg','img/san_pham/img/san_pham/shorts_hm2.jpg','Màu sắc: Xanh đậm. <br/>Chiều dài:50cm.',22,450000,0,450000,'MINX',1,'2016-11-01 15:43:01','2016-12-09 07:42:25'),(313,7,7,'Superstretch Twill Shorts','img/san_pham/shorts_hm3.jpg','img/san_pham/shorts_hm3.jpg','img/san_pham/img/san_pham/shorts_hm3.jpg','img/san_pham/img/san_pham/shorts_hm3.jpg','Màu sắc: Xanh đậm. <br/>Chiều dài:50cm.',30,525000,0,525000,'MINX',1,'2016-11-01 15:43:01','2016-12-09 14:39:30'),(314,7,7,'Modal-blend Shorts','img/san_pham/shorts_hm4.jpg','img/san_pham/shorts_hm4.jpg','img/san_pham/img/san_pham/shorts_hm4.jpg','img/san_pham/img/san_pham/shorts_hm4.jpg','Màu sắc: Xanh đậm. <br/>Chiều dài:50cm.',23,450000,0,450000,'MINX',1,'2016-11-01 15:43:01','2016-12-09 07:42:29'),(315,7,7,'Denim Shorts','img/san_pham/shorts_hm5.jpg','img/san_pham/shorts_hm5.jpg','img/san_pham/img/san_pham/shorts_hm5.jpg','img/san_pham/img/san_pham/shorts_hm5.jpg','Màu sắc: Xanh đậm. <br/>Chiều dài:50cm.',30,525000,0,525000,'MINX',1,'2016-11-01 15:43:01','2016-12-09 14:39:30'),(316,7,7,'Twill Shorts','img/san_pham/shorts_hm6.jpg','img/san_pham/shorts_hm6.jpg','img/san_pham/img/san_pham/shorts_hm6.jpg','img/san_pham/img/san_pham/shorts_hm6.jpg','Màu sắc: Đen. <br/>Chiều dài:50cm.',30,425000,0,425000,'MINX',1,'2016-11-01 15:43:01','2016-12-09 14:39:30'),(317,7,7,'Imitation Leather Shorts','img/san_pham/shorts_hm7.jpg','img/san_pham/shorts_hm7.jpg','img/san_pham/img/san_pham/shorts_hm7.jpg','img/san_pham/img/san_pham/shorts_hm7.jpg','Màu sắc: Đen. <br/>Chiều dài:50cm.',30,450000,0,450000,'MINX',1,'2016-11-01 15:43:01','2016-12-09 14:39:30'),(318,7,7,'Twill Shorts','img/san_pham/shorts_hm8.jpg','img/san_pham/shorts_hm8.jpg','img/san_pham/img/san_pham/shorts_hm8.jpg','img/san_pham/img/san_pham/shorts_hm8.jpg','Màu sắc: Đen. <br/>Chiều dài:50cm.',9,450000,0,450000,'MINX',1,'2016-11-01 15:43:01','2016-12-09 07:42:31'),(319,7,7,'Short Shorts','img/san_pham/shorts_hm9.jpg','img/san_pham/shorts_hm9.jpg','img/san_pham/img/san_pham/shorts_hm9.jpg','img/san_pham/img/san_pham/shorts_hm9.jpg','Màu sắc: Đen. <br/>Chiều dài:50cm.',30,450000,0,450000,'MINX',1,'2016-11-01 15:43:01','2016-12-09 14:39:30'),(320,7,7,'Twill Shorts','img/san_pham/shorts_hm10.jpg','img/san_pham/shorts_hm10.jpg','img/san_pham/img/san_pham/shorts_hm10.jpg','img/san_pham/img/san_pham/shorts_hm10.jpg','Màu sắc: Đen. <br/>Chiều dài:50cm.',30,495000,0,495000,'MINX',1,'2016-11-01 15:43:01','2016-12-09 14:39:30'),(321,7,7,'Denim Shorts','img/san_pham/shorts_hm11.jpg','img/san_pham/shorts_hm11.jpg','img/san_pham/img/san_pham/shorts_hm11.jpg','img/san_pham/img/san_pham/shorts_hm11.jpg','Màu sắc: Đen. <br/>Chiều dài:50cm.',30,450000,0,450000,'MINX',1,'2016-11-01 15:43:01','2016-12-09 14:39:30'),(322,7,7,'Crêped Shorts','img/san_pham/shorts_hm12.jpg','img/san_pham/shorts_hm12.jpg','img/san_pham/img/san_pham/shorts_hm12.jpg','img/san_pham/img/san_pham/shorts_hm12.jpg','Màu sắc: Đen. <br/>Chiều dài:50cm.',30,425000,0,425000,'MINX',1,'2016-11-01 15:43:01','2016-12-09 14:39:30'),(323,7,7,'Short Shorts','img/san_pham/shorts_hm13.jpg','img/san_pham/shorts_hm13.jpg','img/san_pham/img/san_pham/shorts_hm13.jpg','img/san_pham/img/san_pham/shorts_hm13.jpg','Màu sắc: Xanh đậm. <br/>Chiều dài:50cm.',7,450000,0,450000,'MINX',1,'2016-11-01 15:43:01','2016-12-09 07:42:34'),(324,7,7,'Beaded Velvet Shorts','img/san_pham/shorts_hm14.jpg','img/san_pham/shorts_hm14.jpg','img/san_pham/img/san_pham/shorts_hm14.jpg','img/san_pham/img/san_pham/shorts_hm14.jpg','Màu sắc: Xanh đậm. <br/>Chiều dài:50cm.',30,525000,0,525000,'MINX',1,'2016-11-01 15:43:01','2016-12-09 14:39:30'),(325,7,7,'Denim Shorts','img/san_pham/shorts_hm15.jpg','img/san_pham/shorts_hm15.jpg','img/san_pham/img/san_pham/shorts_hm15.jpg','img/san_pham/img/san_pham/shorts_hm15.jpg','Màu sắc: Xanh đậm. <br/>Chiều dài:50cm.',30,525000,0,525000,'MINX',1,'2016-11-01 15:43:01','2016-12-09 14:39:30'),(326,7,7,'Embroidered Shorts','img/san_pham/shorts_hm16.jpg','img/san_pham/shorts_hm16.jpg','img/san_pham/img/san_pham/shorts_hm16.jpg','img/san_pham/img/san_pham/shorts_hm16.jpg','Màu sắc: Xanh đậm. <br/>Chiều dài:50cm.',13,525000,0,525000,'MINX',1,'2016-11-01 15:43:01','2016-12-09 07:42:28'),(327,7,7,'Cotton Shorts','img/san_pham/shorts_hm17.jpg','img/san_pham/shorts_hm17.jpg','img/san_pham/img/san_pham/shorts_hm17.jpg','img/san_pham/img/san_pham/shorts_hm17.jpg','Màu sắc: Xanh đậm. <br/>Chiều dài:50cm.',30,450000,0,450000,'MINX',1,'2016-11-01 15:43:01','2016-12-09 14:39:30'),(328,7,7,'Denim Shorts and Leather Chaps','img/san_pham/shorts_hm18.jpg','img/san_pham/shorts_hm18.jpg','img/san_pham/img/san_pham/shorts_hm18.jpg','img/san_pham/img/san_pham/shorts_hm18.jpg','Màu sắc: Xanh đậm. <br/>Chiều dài:50cm.',30,450000,0,450000,'MINX',1,'2016-11-01 15:43:01','2016-12-09 14:39:30'),(329,8,8,'Biker Jacket','img/san_pham/coat_hm1.jpg','img/san_pham/coat_hm1.jpg','img/san_pham/img/san_pham/coat_hm1.jpg','img/san_pham/img/san_pham/coat_hm1.jpg','Màu sắc: Xanh đậm. <br/>Chiều dài:100cm.',30,450000,0,450000,'MINX',1,'2016-11-01 15:43:01','2016-12-09 14:39:30'),(330,8,8,'Padded Parka','img/san_pham/coat_hm2.jpg','img/san_pham/coat_hm2.jpg','img/san_pham/img/san_pham/coat_hm2.jpg','img/san_pham/img/san_pham/coat_hm2.jpg','Màu sắc: Xanh đậm. <br/>Chiều dài:100cm.',30,450000,0,450000,'MINX',1,'2016-11-01 15:43:01','2016-12-09 14:39:30'),(331,8,8,'Pile-lined Parka','img/san_pham/coat_hm3.jpg','img/san_pham/coat_hm3.jpg','img/san_pham/img/san_pham/coat_hm3.jpg','img/san_pham/img/san_pham/coat_hm3.jpg','Màu sắc: Xanh đậm. <br/>Chiều dài:100cm.',30,525000,0,525000,'MINX',1,'2016-11-01 15:43:01','2016-12-09 14:39:30'),(332,8,8,'Long Vest','img/san_pham/coat_hm4.jpg','img/san_pham/coat_hm4.jpg','img/san_pham/img/san_pham/coat_hm4.jpg','img/san_pham/img/san_pham/coat_hm4.jpg','Màu sắc: Xanh đậm. <br/>Chiều dài:100cm.',30,450000,0,450000,'MINX',1,'2016-11-01 15:43:01','2016-12-09 14:39:30'),(333,8,8,'Padded Parka','img/san_pham/coat_hm5.jpg','img/san_pham/coat_hm5.jpg','img/san_pham/img/san_pham/coat_hm5.jpg','img/san_pham/img/san_pham/coat_hm5.jpg','Màu sắc: Xanh đậm. <br/>Chiều dài:100cm.',25,525000,0,525000,'MINX',1,'2016-11-01 15:43:01','2016-12-09 07:42:33'),(334,8,8,'Pile-lined Parka','img/san_pham/coat_hm6.jpg','img/san_pham/coat_hm6.jpg','img/san_pham/img/san_pham/coat_hm6.jpg','img/san_pham/img/san_pham/coat_hm6.jpg','Màu sắc: Đen. <br/>Chiều dài:100cm.',30,425000,0,425000,'MINX',1,'2016-11-01 15:43:01','2016-12-09 14:39:30'),(335,8,8,'Bomber Jacket','img/san_pham/coat_hm7.jpg','img/san_pham/coat_hm7.jpg','img/san_pham/img/san_pham/coat_hm7.jpg','img/san_pham/img/san_pham/coat_hm7.jpg','Màu sắc: Đen. <br/>Chiều dài:100cm.',30,450000,0,450000,'MINX',1,'2016-11-01 15:43:01','2016-12-09 14:39:30'),(336,8,8,'Padded Parka','img/san_pham/coat_hm8.jpg','img/san_pham/coat_hm8.jpg','img/san_pham/img/san_pham/coat_hm8.jpg','img/san_pham/img/san_pham/coat_hm8.jpg','Màu sắc: Đen. <br/>Chiều dài:100cm.',3,450000,0,450000,'MINX',1,'2016-11-01 15:43:01','2016-12-09 07:42:31'),(337,8,8,'Pile-lined Parka','img/san_pham/coat_hm9.jpg','img/san_pham/coat_hm9.jpg','img/san_pham/img/san_pham/coat_hm9.jpg','img/san_pham/img/san_pham/coat_hm9.jpg','Màu sắc: Đen. <br/>Chiều dài:100cm.',30,450000,0,450000,'MINX',1,'2016-11-01 15:43:01','2016-12-09 14:39:30'),(338,8,8,'Pile-lined Parka','img/san_pham/coat_hm10.jpg','img/san_pham/coat_hm10.jpg','img/san_pham/img/san_pham/coat_hm10.jpg','img/san_pham/img/san_pham/coat_hm10.jpg','Màu sắc: Đen. <br/>Chiều dài:100cm.',30,495000,0,495000,'MINX',1,'2016-11-01 15:43:01','2016-12-09 14:39:30'),(339,8,8,'Bomber Jacket','img/san_pham/coat_hm11.jpg','img/san_pham/coat_hm11.jpg','img/san_pham/img/san_pham/coat_hm11.jpg','img/san_pham/img/san_pham/coat_hm11.jpg','Màu sắc: Đen. <br/>Chiều dài:100cm.',30,450000,0,450000,'MINX',1,'2016-11-01 15:43:01','2016-12-09 14:39:30'),(340,8,8,'Double-breasted Jacket','img/san_pham/coat_hm12.jpg','img/san_pham/coat_hm12.jpg','img/san_pham/img/san_pham/coat_hm12.jpg','img/san_pham/img/san_pham/coat_hm12.jpg','Màu sắc: Đen. <br/>Chiều dài:100cm.',30,425000,0,425000,'MINX',1,'2016-11-01 15:43:01','2016-12-09 14:39:30'),(341,8,8,'Padded Parka','img/san_pham/coat_hm13.jpg','img/san_pham/coat_hm13.jpg','img/san_pham/img/san_pham/coat_hm13.jpg','img/san_pham/img/san_pham/coat_hm13.jpg','Màu sắc: Xanh đậm. <br/>Chiều dài:100cm.',30,450000,0,450000,'MINX',1,'2016-11-01 15:43:01','2016-12-09 14:39:30'),(342,8,8,'Double-breasted Jacket','img/san_pham/coat_hm14.jpg','img/san_pham/coat_hm14.jpg','img/san_pham/img/san_pham/coat_hm14.jpg','img/san_pham/img/san_pham/coat_hm14.jpg','Màu sắc: Xanh đậm. <br/>Chiều dài:100cm.',30,525000,0,525000,'MINX',1,'2016-11-01 15:43:01','2016-12-09 14:39:30'),(343,8,8,'Biker Jacket','img/san_pham/coat_hm15.jpg','img/san_pham/coat_hm15.jpg','img/san_pham/img/san_pham/coat_hm15.jpg','img/san_pham/img/san_pham/coat_hm15.jpg','Màu sắc: Xanh đậm. <br/>Chiều dài:100cm.',30,525000,0,525000,'MINX',1,'2016-11-01 15:43:01','2016-12-09 14:39:30'),(344,8,8,'Bomber Jacket','img/san_pham/coat_hm16.jpg','img/san_pham/coat_hm16.jpg','img/san_pham/img/san_pham/coat_hm16.jpg','img/san_pham/img/san_pham/coat_hm16.jpg','Màu sắc: Xanh đậm. <br/>Chiều dài:100cm.',30,525000,0,525000,'MINX',1,'2016-11-01 15:43:01','2016-12-09 14:39:30'),(345,8,8,'Padded Parka','img/san_pham/coat_hm17.jpg','img/san_pham/coat_hm17.jpg','img/san_pham/img/san_pham/coat_hm17.jpg','img/san_pham/img/san_pham/coat_hm17.jpg','Màu sắc: Xanh đậm. <br/>Chiều dài:100cm.',30,450000,0,450000,'MINX',1,'2016-11-01 15:43:01','2016-12-09 14:39:30'),(346,8,8,'Padded Parka','img/san_pham/coat_hm18.jpg','img/san_pham/coat_hm18.jpg','img/san_pham/img/san_pham/coat_hm18.jpg','img/san_pham/img/san_pham/coat_hm18.jpg','Màu sắc: Xanh đậm. <br/>Chiều dài:100cm.',30,450000,0,450000,'MINX',1,'2016-11-01 15:43:01','2016-12-09 14:39:30'),(347,8,8,'Padded Parka','img/san_pham/coat_hm19.jpg','img/san_pham/coat_hm19.jpg','img/san_pham/img/san_pham/coat_hm19.jpg','img/san_pham/img/san_pham/coat_hm19.jpg','Màu sắc: Xanh đậm. <br/>Chiều dài:100cm.',30,425000,0,425000,'MINX',1,'2016-11-01 15:43:01','2016-12-09 14:39:30'),(348,9,5,'Ví cầm tay BOP 0358 Giá bán: 545.000 VND','img/san_pham/18610_1476067874-small.jpg','img/san_pham/18610_1476067874-small.jpg','img/san_pham/img/san_pham/18610_1476067874-small.jpg','img/san_pham/img/san_pham/18610_1476067874-small.jpg','Màu sắc: Xám. <br/>Chất liệu:Da tổng hợp.',30,450000,0,450000,'MINX',1,'2016-11-01 15:43:01','2016-12-09 14:39:30'),(349,9,5,'Ví cầm tay BOP 0357 Giá bán: 485.000 VND','img/san_pham/18618_1476067976-small.jpg','img/san_pham/18618_1476067976-small.jpg','img/san_pham/img/san_pham/18618_1476067976-small.jpg','img/san_pham/img/san_pham/18618_1476067976-small.jpg','Màu sắc: Đỏ. <br/>Chất liệu:Da tổng hợp.',26,450000,0,450000,'MINX',1,'2016-11-01 15:43:01','2016-12-09 07:42:37'),(350,9,5,'Ví cầm tay BOP 0356 Giá bán: 525.000 VND','img/san_pham/18628_1476068087-small.jpg','img/san_pham/18628_1476068087-small.jpg','img/san_pham/img/san_pham/18628_1476068087-small.jpg','img/san_pham/img/san_pham/18628_1476068087-small.jpg','Màu sắc: Xanh da trời. <br/>Chất liệu:Da tổng hợp.',30,525000,0,525000,'MINX',1,'2016-11-01 15:43:01','2016-12-09 14:39:30'),(351,9,5,'Ví cầm tay BOP 0355 Giá bán: 525.000 VND','img/san_pham/18636_1476068155-small.jpg','img/san_pham/18636_1476068155-small.jpg','img/san_pham/img/san_pham/18636_1476068155-small.jpg','img/san_pham/img/san_pham/18636_1476068155-small.jpg','Màu sắc: Đen. <br/>Chất liệu:Da tổng hợp.',4,450000,0,450000,'MINX',1,'2016-11-01 15:43:01','2016-12-09 07:42:26'),(352,9,5,'Ví cầm tay BOP 0354 Giá bán: 595.000 VND','img/san_pham/18640_1476068200-small.jpg','img/san_pham/18640_1476068200-small.jpg','img/san_pham/img/san_pham/18640_1476068200-small.jpg','img/san_pham/img/san_pham/18640_1476068200-small.jpg','Màu sắc: Đen. <br/>Chất liệu:Da tổng hợp.',10,525000,0,525000,'MINX',1,'2016-11-01 15:43:01','2016-12-09 07:42:28'),(353,9,5,'Ví dự tiệc BOP 0353 Giá bán: 625.000 VND','img/san_pham/18644_1476068251-small.jpg','img/san_pham/18644_1476068251-small.jpg','img/san_pham/img/san_pham/18644_1476068251-small.jpg','img/san_pham/img/san_pham/18644_1476068251-small.jpg','Màu sắc: Xanh da trời. <br/>Chất liệu:Da tổng hợp.',30,425000,0,425000,'MINX',1,'2016-11-01 15:43:01','2016-12-09 14:39:30'),(354,9,5,'Ví cầm tay nắp gập da xước BOP 0369 Giá bán: 595.000 VND','img/san_pham/17683_1472728977-small.jpg','img/san_pham/17683_1472728977-small.jpg','img/san_pham/img/san_pham/17683_1472728977-small.jpg','img/san_pham/img/san_pham/17683_1472728977-small.jpg','Màu sắc: Be. <br/>Chất liệu:Da tổng hợp.',30,450000,0,450000,'MINX',1,'2016-11-01 15:43:01','2016-12-09 14:39:30'),(355,9,5,'Ví cầm tay trơn logo Vascara BOP 0352 Giá bán: 545.000 VND','img/san_pham/17691_1472729081-small.jpg','img/san_pham/17691_1472729081-small.jpg','img/san_pham/img/san_pham/17691_1472729081-small.jpg','img/san_pham/img/san_pham/17691_1472729081-small.jpg','Màu sắc: Xám. <br/>Chất liệu:Vải len kim tuyến.',30,450000,0,450000,'MINX',1,'2016-11-01 15:43:01','2016-12-09 14:39:30'),(356,9,5,'Ví cầm tay cách điệu da lộn BOP 0350 Giá bán: 645.000 VND','img/san_pham/17699_1472729133-small.jpg','img/san_pham/17699_1472729133-small.jpg','img/san_pham/img/san_pham/17699_1472729133-small.jpg','img/san_pham/img/san_pham/17699_1472729133-small.jpg','Màu sắc: Đen. <br/>Chất liệu:Da tổng hợp.',30,450000,0,450000,'MINX',1,'2016-11-01 15:43:01','2016-12-09 14:39:30'),(357,9,5,'Ví cầm tay họa tiết cách điệu BOP 0346 Giá bán: 545.000 VND','img/san_pham/17705_1472729206-small.jpg','img/san_pham/17705_1472729206-small.jpg','img/san_pham/img/san_pham/17705_1472729206-small.jpg','img/san_pham/img/san_pham/17705_1472729206-small.jpg','Màu sắc: Xanh Navy. <br/>Chất liệu:Da tổng hợp.',30,495000,0,495000,'MINX',1,'2016-11-01 15:43:01','2016-12-09 14:39:30'),(358,9,5,'Ví cầm tay BOP 0368 Giá bán: 565.000 VND','img/san_pham/17503_1472705502-small.jpg','img/san_pham/17503_1472705502-small.jpg','img/san_pham/img/san_pham/17503_1472705502-small.jpg','img/san_pham/img/san_pham/17503_1472705502-small.jpg','Màu sắc: Nâu. <br/>Chất liệu:Da tổng hợp.',30,450000,0,450000,'MINX',1,'2016-11-01 15:43:01','2016-12-09 14:39:30'),(359,9,5,'Ví cầm tay BOP 0348 Giá bán: 525.000 VND','img/san_pham/15338_1470314834-small.jpg','img/san_pham/15338_1470314834-small.jpg','img/san_pham/img/san_pham/15338_1470314834-small.jpg','img/san_pham/img/san_pham/15338_1470314834-small.jpg','Màu sắc: Đen. <br/>Chất liệu:Microfiber.',30,425000,0,425000,'MINX',1,'2016-11-01 15:43:01','2016-12-09 14:39:30'),(360,9,5,'Ví cầm tay BOP 0345 Giá bán: 545.000 VND','img/san_pham/18498_1475897412-small.jpg','img/san_pham/18498_1475897412-small.jpg','img/san_pham/img/san_pham/18498_1475897412-small.jpg','img/san_pham/img/san_pham/18498_1475897412-small.jpg','Màu sắc: Đỏ. <br/>Chất liệu:Da tổng hợp.',30,450000,0,450000,'MINX',1,'2016-11-01 15:43:01','2016-12-09 14:39:30'),(361,9,5,'Ví cầm tay BOP 0344 Giá bán: 655.000 VND','img/san_pham/14209_1469865444-small.jpg','img/san_pham/14209_1469865444-small.jpg','img/san_pham/img/san_pham/14209_1469865444-small.jpg','img/san_pham/img/san_pham/14209_1469865444-small.jpg','Màu sắc: Đen. <br/>Chất liệu:da thật.',30,525000,0,525000,'MINX',1,'2016-11-01 15:43:01','2016-12-09 14:39:30'),(362,9,5,'Ví cầm tay BOP 0342 Giá bán: 495.000 VND','img/san_pham/14201_1469865392-small.jpg','img/san_pham/14201_1469865392-small.jpg','img/san_pham/img/san_pham/14201_1469865392-small.jpg','img/san_pham/img/san_pham/14201_1469865392-small.jpg','Màu sắc: Nâu. <br/>Chất liệu:da tổng hợp.',30,525000,0,525000,'MINX',1,'2016-11-01 15:43:01','2016-12-09 14:39:30'),(363,9,5,'Ví cầm tay BOP 0343 Giá bán: 525.000 VND','img/san_pham/12635_1467599616-small.jpg','img/san_pham/12635_1467599616-small.jpg','img/san_pham/img/san_pham/12635_1467599616-small.jpg','img/san_pham/img/san_pham/12635_1467599616-small.jpg','Màu sắc: Đen. <br/>Chất liệu:da tổng hợp.',30,525000,0,525000,'MINX',1,'2016-11-01 15:43:01','2016-12-09 14:39:30'),(364,9,5,'Ví cầm tay BOP 0341 Giá bán: 545.000 VND','img/san_pham/12681_1467600118-small.jpg','img/san_pham/12681_1467600118-small.jpg','img/san_pham/img/san_pham/12681_1467600118-small.jpg','img/san_pham/img/san_pham/12681_1467600118-small.jpg','Màu sắc: Be. <br/>Chất liệu:da tổng hợp.',30,450000,0,450000,'MINX',1,'2016-11-01 15:43:01','2016-12-09 14:39:30'),(365,9,5,'Ví cầm tay BOP 0340 Giá bán: 545.000 VND','img/san_pham/12685_1467600152-small.jpg','img/san_pham/12685_1467600152-small.jpg','img/san_pham/img/san_pham/12685_1467600152-small.jpg','img/san_pham/img/san_pham/12685_1467600152-small.jpg','Màu sắc: Hồng. <br/>Chất liệu:da tổng hợp.',30,450000,0,450000,'MINX',1,'2016-11-01 15:43:01','2016-12-09 14:39:30'),(366,9,5,'Ví cầm tay BOP 0339 Giá bán: 545.000 VND','img/san_pham/12687_1467600197-small.jpg','img/san_pham/12687_1467600197-small.jpg','img/san_pham/img/san_pham/12687_1467600197-small.jpg','img/san_pham/img/san_pham/12687_1467600197-small.jpg','Màu sắc: Kem. <br/>Chất liệu:Da tổng hợp.',30,425000,0,425000,'MINX',1,'2016-11-01 15:43:01','2016-12-09 14:39:30'),(367,9,5,'Ví cầm tay BOP 0321 Giá bán: 495.000 VND','img/san_pham/12244_1465382973-small.jpg','img/san_pham/12244_1465382973-small.jpg','img/san_pham/img/san_pham/12244_1465382973-small.jpg','img/san_pham/img/san_pham/12244_1465382973-small.jpg','Màu sắc: Trắng. <br/>Chất liệu:Da tổng hợp.',30,495000,0,495000,'MINX',1,'2016-11-01 15:43:01','2016-12-09 14:39:30'),(368,9,5,'Ví cầm tay BOP 0327 Giá bán: 650.000 VND','img/san_pham/12131_1465189996-small.jpg','img/san_pham/12131_1465189996-small.jpg','img/san_pham/img/san_pham/12131_1465189996-small.jpg','img/san_pham/img/san_pham/12131_1465189996-small.jpg','Màu sắc: Đen. <br/>Chất liệu:Da tổng hợp.',30,475000,0,475000,'MINX',1,'2016-11-01 15:43:01','2016-12-09 14:39:30'),(369,9,5,'Ví cầm tay BOP 0319 Giá bán: 485.000 VND','img/san_pham/11974_1464171848-small.jpg','img/san_pham/11974_1464171848-small.jpg','img/san_pham/img/san_pham/11974_1464171848-small.jpg','img/san_pham/img/san_pham/11974_1464171848-small.jpg','Màu sắc: Đen. <br/>Chất liệu:Da tổng hợp.',21,450000,0,450000,'MINX',1,'2016-11-01 15:43:01','2016-12-09 07:42:28'),(370,9,5,'Ví cầm tay BOP 0317 Giá bán: 545.000 VND','img/san_pham/11980_1464171944-small.jpg','img/san_pham/11980_1464171944-small.jpg','img/san_pham/img/san_pham/11980_1464171944-small.jpg','img/san_pham/img/san_pham/11980_1464171944-small.jpg','Màu sắc: Trắng. <br/>Chất liệu:Da tổng hợp.',30,475000,0,475000,'MINX',1,'2016-11-01 15:43:01','2016-12-09 14:39:30'),(371,9,5,'Ví cầm tay BOP 0338 Giá bán: 545.000 VND','img/san_pham/11219_1462936563-small.jpg','img/san_pham/11219_1462936563-small.jpg','img/san_pham/img/san_pham/11219_1462936563-small.jpg','img/san_pham/img/san_pham/11219_1462936563-small.jpg','Màu sắc: Đen. <br/>Chất liệu:Da tổng hợp.',30,450000,0,450000,'MINX',1,'2016-11-01 15:43:01','2016-12-09 14:39:30'),(372,9,5,'Ví cầm tay BOP 0326 Giá bán: 650.000 VND','img/san_pham/11379_1463130808-small.jpg','img/san_pham/11379_1463130808-small.jpg','img/san_pham/img/san_pham/11379_1463130808-small.jpg','img/san_pham/img/san_pham/11379_1463130808-small.jpg','Màu sắc: Hồng. <br/>Chất liệu:Da tổng hợp.',30,450000,0,450000,'MINX',1,'2016-11-01 15:43:01','2016-12-09 14:39:30'),(373,9,5,'Ví cầm tay BOP 0322 Giá bán: 525.000 VND','img/san_pham/11384_1463130918-small.jpg','img/san_pham/11384_1463130918-small.jpg','img/san_pham/img/san_pham/11384_1463130918-small.jpg','img/san_pham/img/san_pham/11384_1463130918-small.jpg','Màu sắc: Xám. <br/>Chất liệu:Da tổng hợp.',30,450000,0,450000,'MINX',1,'2016-11-01 15:43:01','2016-12-09 14:39:30'),(374,9,5,'Ví cầm tay BOP 0328 Giá bán: 525.000 VND','img/san_pham/11161_1461925935-small.jpg','img/san_pham/11161_1461925935-small.jpg','img/san_pham/img/san_pham/11161_1461925935-small.jpg','img/san_pham/img/san_pham/11161_1461925935-small.jpg','Màu sắc: Đen. <br/>Chất liệu:Da tổng hợp.',25,425000,0,425000,'MINX',1,'2016-11-01 15:43:01','2016-12-09 07:42:24'),(375,9,5,'Ví cầm tay BOP 0320 Giá bán: 485.000 VND','img/san_pham/11157_1461925883-small.jpg','img/san_pham/11157_1461925883-small.jpg','img/san_pham/img/san_pham/11157_1461925883-small.jpg','img/san_pham/img/san_pham/11157_1461925883-small.jpg','Màu sắc: Xanh dương. <br/>Chất liệu:Da tổng hợp.',30,425000,0,425000,'MINX',1,'2016-11-01 15:43:01','2016-12-09 14:39:30'),(376,9,5,'Ví cầm tay BOP 0318 Giá bán: 525.000 VND','img/san_pham/11149_1461924981-small.jpg','img/san_pham/11149_1461924981-small.jpg','img/san_pham/img/san_pham/11149_1461924981-small.jpg','img/san_pham/img/san_pham/11149_1461924981-small.jpg','Màu sắc: Đỏ. <br/>Chất liệu:Da tổng hợp.',30,450000,0,450000,'MINX',1,'2016-11-01 15:43:01','2016-12-09 14:39:30'),(377,10,1,'Giày búp bê đính nơ GBB 0374','img/san_pham/18704_1476095301-small.jpg','img/san_pham/18704_1476095301-small.jpg','img/san_pham/img/san_pham/18704_1476095301-small.jpg','img/san_pham/img/san_pham/18704_1476095301-small.jpg','Màu sắc: Xám. <br/>Chất liệu:Da tổng hợp.',22,450000,0,450000,'MINX',1,'2016-11-01 15:43:01','2016-12-09 07:42:34'),(378,10,1,'Giày búp bê thiết kế quai mũi GBB 0371','img/san_pham/18722_1476095392-small.jpg','img/san_pham/18722_1476095392-small.jpg','img/san_pham/img/san_pham/18722_1476095392-small.jpg','img/san_pham/img/san_pham/18722_1476095392-small.jpg','Màu sắc: Đỏ. <br/>Chất liệu:Da tổng hợp.',30,450000,0,450000,'MINX',1,'2016-11-01 15:43:01','2016-12-09 14:39:30'),(379,10,1,'Giày mọi phong cách Brogue MOI 0076','img/san_pham/18592_1476067711-small.jpg','img/san_pham/18592_1476067711-small.jpg','img/san_pham/img/san_pham/18592_1476067711-small.jpg','img/san_pham/img/san_pham/18592_1476067711-small.jpg','Màu sắc: Xanh da trời. <br/>Chất liệu:Da tổng hợp.',30,525000,0,525000,'MINX',1,'2016-11-01 15:43:01','2016-12-09 14:39:30'),(380,10,1,'Giày búp bê mũi trang trí cách điệu GBB 0370','img/san_pham/18435_1475138046-small.jpg','img/san_pham/18435_1475138046-small.jpg','img/san_pham/img/san_pham/18435_1475138046-small.jpg','img/san_pham/img/san_pham/18435_1475138046-small.jpg','Màu sắc: Đen. <br/>Chất liệu:Da tổng hợp.',30,450000,0,450000,'MINX',1,'2016-11-01 15:43:01','2016-12-09 14:39:30'),(381,10,1,'Giày Mọi xỏ dây MOI 0075','img/san_pham/17938_1473481218-small.jpg','img/san_pham/17938_1473481218-small.jpg','img/san_pham/img/san_pham/17938_1473481218-small.jpg','img/san_pham/img/san_pham/17938_1473481218-small.jpg','Màu sắc: Đen. <br/>Chất liệu:Da tổng hợp.',19,525000,0,525000,'MINX',1,'2016-11-01 15:43:02','2016-12-09 07:42:26'),(382,10,1,'Giày Búp bê đính nơ GBB 0369','img/san_pham/17956_1473481277-small.jpg','img/san_pham/17956_1473481277-small.jpg','img/san_pham/img/san_pham/17956_1473481277-small.jpg','img/san_pham/img/san_pham/17956_1473481277-small.jpg','Màu sắc: Xanh da trời. <br/>Chất liệu:Da tổng hợp.',30,425000,0,425000,'MINX',1,'2016-11-01 15:43:02','2016-12-09 14:39:30'),(383,10,1,'Giày Búp bê mũi nhọn màu trơn GBB 0368','img/san_pham/17567_1472720481-small.jpg','img/san_pham/17567_1472720481-small.jpg','img/san_pham/img/san_pham/17567_1472720481-small.jpg','img/san_pham/img/san_pham/17567_1472720481-small.jpg','Màu sắc: Be. <br/>Chất liệu:Da tổng hợp.',30,450000,0,450000,'MINX',1,'2016-11-01 15:43:02','2016-12-09 14:39:30'),(384,10,1,'Giày búp bê GBB 0373','img/san_pham/16264_1471319994-small.jpg','img/san_pham/16264_1471319994-small.jpg','img/san_pham/img/san_pham/16264_1471319994-small.jpg','img/san_pham/img/san_pham/16264_1471319994-small.jpg','Màu sắc: Xám. <br/>Chất liệu:Vải len kim tuyến.',30,450000,0,450000,'MINX',1,'2016-11-01 15:43:02','2016-12-09 14:39:30'),(385,10,1,'Giày Búp bê GBB 0367','img/san_pham/16260_1471319798-small.jpg','img/san_pham/16260_1471319798-small.jpg','img/san_pham/img/san_pham/16260_1471319798-small.jpg','img/san_pham/img/san_pham/16260_1471319798-small.jpg','Màu sắc: Đen. <br/>Chất liệu:Da tổng hợp.',30,450000,0,450000,'MINX',1,'2016-11-01 15:43:02','2016-12-09 14:39:30'),(386,10,1,'Giày mọi MOI 0072','img/san_pham/15326_1470314789-small.jpg','img/san_pham/15326_1470314789-small.jpg','img/san_pham/img/san_pham/15326_1470314789-small.jpg','img/san_pham/img/san_pham/15326_1470314789-small.jpg','Màu sắc: Xanh Navy. <br/>Chất liệu:Da tổng hợp.',30,495000,0,495000,'MINX',1,'2016-11-01 15:43:02','2016-12-09 14:39:30'),(387,10,1,'Giày Junior JNR 0083','img/san_pham/12808_1468554995-small.jpg','img/san_pham/12808_1468554995-small.jpg','img/san_pham/img/san_pham/12808_1468554995-small.jpg','img/san_pham/img/san_pham/12808_1468554995-small.jpg','Màu sắc: Nâu. <br/>Chất liệu:Da tổng hợp.',19,450000,0,450000,'MINX',1,'2016-11-01 15:43:02','2016-12-09 07:42:24'),(388,10,1,'Giày Junior JNR 0081','img/san_pham/12605_1467359228-small.jpg','img/san_pham/12605_1467359228-small.jpg','img/san_pham/img/san_pham/12605_1467359228-small.jpg','img/san_pham/img/san_pham/12605_1467359228-small.jpg','Màu sắc: Đen. <br/>Chất liệu:Microfiber.',30,425000,0,425000,'MINX',1,'2016-11-01 15:43:02','2016-12-09 14:39:30'),(389,10,1,'Giày búp bê Junior JNR 0082','img/san_pham/12496_1466736298-small.jpg','img/san_pham/12496_1466736298-small.jpg','img/san_pham/img/san_pham/12496_1466736298-small.jpg','img/san_pham/img/san_pham/12496_1466736298-small.jpg','Màu sắc: Đỏ. <br/>Chất liệu:Da tổng hợp.',30,450000,0,450000,'MINX',1,'2016-11-01 15:43:02','2016-12-09 14:39:30'),(390,10,1,'Giày búp bê GBB 0366','img/san_pham/12370_1466418095-small.jpg','img/san_pham/12370_1466418095-small.jpg','img/san_pham/img/san_pham/12370_1466418095-small.jpg','img/san_pham/img/san_pham/12370_1466418095-small.jpg','Màu sắc: Đen. <br/>Chất liệu:da thật.',30,525000,0,525000,'MINX',1,'2016-11-01 15:43:02','2016-12-09 14:39:30'),(391,10,1,'Giày mọi MOI 0070','img/san_pham/12391_1466418217-small.jpg','img/san_pham/12391_1466418217-small.jpg','img/san_pham/img/san_pham/12391_1466418217-small.jpg','img/san_pham/img/san_pham/12391_1466418217-small.jpg','Màu sắc: Nâu. <br/>Chất liệu:da tổng hợp.',30,525000,0,525000,'MINX',1,'2016-11-01 15:43:02','2016-12-09 14:39:30'),(392,10,1,'Giày Búp Bê MOI 0071','img/san_pham/11956_1464171675-small.jpg','img/san_pham/11956_1464171675-small.jpg','img/san_pham/img/san_pham/11956_1464171675-small.jpg','img/san_pham/img/san_pham/11956_1464171675-small.jpg','Màu sắc: Đen. <br/>Chất liệu:da tổng hợp.',30,525000,0,525000,'MINX',1,'2016-11-01 15:43:02','2016-12-09 14:39:30'),(393,10,1,'Giày Búp Bê GBB 0363','img/san_pham/11632_1463386702-small.jpg','img/san_pham/11632_1463386702-small.jpg','img/san_pham/img/san_pham/11632_1463386702-small.jpg','img/san_pham/img/san_pham/11632_1463386702-small.jpg','Màu sắc: Be. <br/>Chất liệu:da tổng hợp.',22,450000,0,450000,'MINX',1,'2016-11-01 15:43:02','2016-12-09 07:42:37'),(394,10,1,'Giày Búp Bê GBB 0362','img/san_pham/11688_1463387839-small.jpg','img/san_pham/11688_1463387839-small.jpg','img/san_pham/img/san_pham/11688_1463387839-small.jpg','img/san_pham/img/san_pham/11688_1463387839-small.jpg','Màu sắc: Hồng. <br/>Chất liệu:da tổng hợp.',30,450000,0,450000,'MINX',1,'2016-11-01 15:43:02','2016-12-09 14:39:30'),(395,10,1,'Giày búp bê JNR 0078','img/san_pham/10881_1459764514-small.jpg','img/san_pham/10881_1459764514-small.jpg','img/san_pham/img/san_pham/10881_1459764514-small.jpg','img/san_pham/img/san_pham/10881_1459764514-small.jpg','Màu sắc: Kem. <br/>Chất liệu:Da tổng hợp.',30,425000,0,425000,'MINX',1,'2016-11-01 15:43:02','2016-12-09 14:39:30'),(396,10,1,'Giày Oxford MOI 0069','img/san_pham/10905_1459764699-small.jpg','img/san_pham/10905_1459764699-small.jpg','img/san_pham/img/san_pham/10905_1459764699-small.jpg','img/san_pham/img/san_pham/10905_1459764699-small.jpg','Màu sắc: Trắng. <br/>Chất liệu:Da tổng hợp.',30,495000,0,495000,'MINX',1,'2016-11-01 15:43:02','2016-12-09 14:39:30'),(397,10,1,'Giày búp bê GBB 0364','img/san_pham/10926_1459765255-small.jpg','img/san_pham/10926_1459765255-small.jpg','img/san_pham/img/san_pham/10926_1459765255-small.jpg','img/san_pham/img/san_pham/10926_1459765255-small.jpg','Màu sắc: Đen. <br/>Chất liệu:Da tổng hợp.',30,475000,0,475000,'MINX',1,'2016-11-01 15:43:02','2016-12-09 14:39:30'),(398,10,1,'Giày búp bê GBB 0360','img/san_pham/9125_1455611947-small.jpg','img/san_pham/9125_1455611947-small.jpg','img/san_pham/img/san_pham/9125_1455611947-small.jpg','img/san_pham/img/san_pham/9125_1455611947-small.jpg','Màu sắc: Đen. <br/>Chất liệu:Da tổng hợp.',25,450000,0,450000,'MINX',1,'2016-11-01 15:43:02','2016-12-09 07:42:31'),(399,10,1,'Giày búp bê GBB 0358','img/san_pham/8271_1454654761-small.jpg','img/san_pham/8271_1454654761-small.jpg','img/san_pham/img/san_pham/8271_1454654761-small.jpg','img/san_pham/img/san_pham/8271_1454654761-small.jpg','Màu sắc: Trắng. <br/>Chất liệu:Da tổng hợp.',20,475000,0,475000,'MINX',1,'2016-11-01 15:43:02','2016-12-09 07:42:33'),(400,10,1,'Giày búp bê đính nơ GBB 0359','img/san_pham/7817_1452243438-small.jpg','img/san_pham/7817_1452243438-small.jpg','img/san_pham/img/san_pham/7817_1452243438-small.jpg','img/san_pham/img/san_pham/7817_1452243438-small.jpg','Màu sắc: Đen. <br/>Chất liệu:Da tổng hợp.',30,450000,0,450000,'MINX',1,'2016-11-01 15:43:02','2016-12-09 14:39:30'),(401,10,1,'Giày búp bê đính nơ GBB 0357','img/san_pham/7835_1452244185-small.jpg','img/san_pham/7835_1452244185-small.jpg','img/san_pham/img/san_pham/7835_1452244185-small.jpg','img/san_pham/img/san_pham/7835_1452244185-small.jpg','Màu sắc: Hồng. <br/>Chất liệu:Da tổng hợp.',30,450000,0,450000,'MINX',1,'2016-11-01 15:43:02','2016-12-09 14:39:30'),(402,10,1,'Giày búp bê đính nơ JNR 0073','img/san_pham/7519_1450774160-small.jpg','img/san_pham/7519_1450774160-small.jpg','img/san_pham/img/san_pham/7519_1450774160-small.jpg','img/san_pham/img/san_pham/7519_1450774160-small.jpg','Màu sắc: Xám. <br/>Chất liệu:Da tổng hợp.',11,450000,0,450000,'MINX',1,'2016-11-01 15:43:02','2016-12-09 07:42:24'),(403,10,1,'Giày búp bê JNR 0070','img/san_pham/7027_1448695992-small.jpg','img/san_pham/7027_1448695992-small.jpg','img/san_pham/img/san_pham/7027_1448695992-small.jpg','img/san_pham/img/san_pham/7027_1448695992-small.jpg','Màu sắc: Đen. <br/>Chất liệu:Da tổng hợp.',30,425000,0,425000,'MINX',1,'2016-11-01 15:43:02','2016-12-09 14:39:30'),(404,10,1,'Giày búp bê mũi nhọn đính nơ JNR 0069','img/san_pham/7039_1448696288-small.jpg','img/san_pham/7039_1448696288-small.jpg','img/san_pham/img/san_pham/7039_1448696288-small.jpg','img/san_pham/img/san_pham/7039_1448696288-small.jpg','Màu sắc: Xanh dương. <br/>Chất liệu:Da tổng hợp.',27,425000,0,425000,'MINX',1,'2016-11-01 15:43:02','2016-12-09 07:42:33'),(405,10,1,'Giày búp bê JNR 0068','img/san_pham/7051_1448696481-small.jpg','img/san_pham/7051_1448696481-small.jpg','img/san_pham/img/san_pham/7051_1448696481-small.jpg','img/san_pham/img/san_pham/7051_1448696481-small.jpg','Màu sắc: Đỏ. <br/>Chất liệu:Da tổng hợp.',30,450000,0,450000,'MINX',1,'2016-11-01 15:43:02','2016-12-09 14:39:30'),(406,11,2,'Giày Bít mũi nhọn da lộn BMN 0176','img/san_pham/17636_1472721239-small.jpg','img/san_pham/17636_1472721239-small.jpg','img/san_pham/img/san_pham/17636_1472721239-small.jpg','img/san_pham/img/san_pham/17636_1472721239-small.jpg','Màu sắc: Đen. <br/>Chất liệu:Da tổng hợp.',30,450000,0,450000,'MINX',1,'2016-11-01 15:43:02','2016-12-09 14:39:30'),(407,11,2,'Giày bít mũi nhọn BMN 0171','img/san_pham/16316_1471320387-small.jpg','img/san_pham/16316_1471320387-small.jpg','img/san_pham/img/san_pham/16316_1471320387-small.jpg','img/san_pham/img/san_pham/16316_1471320387-small.jpg','Màu sắc: Đen. <br/>Chất liệu:Da tổng hợp.',30,450000,0,450000,'MINX',1,'2016-11-01 15:43:02','2016-12-09 14:39:30'),(408,11,2,'Giày bít mũi tròn BMT 0411','img/san_pham/15416_1470801189-small.jpg','img/san_pham/15416_1470801189-small.jpg','img/san_pham/img/san_pham/15416_1470801189-small.jpg','img/san_pham/img/san_pham/15416_1470801189-small.jpg','Màu sắc: Be. <br/>Chất liệu:Da tổng hợp.',30,525000,0,525000,'MINX',1,'2016-11-01 15:43:02','2016-12-09 14:39:30'),(409,11,2,'Giày bít mũi tròn BMT 0410','img/san_pham/15428_1470802124-small.jpg','img/san_pham/15428_1470802124-small.jpg','img/san_pham/img/san_pham/15428_1470802124-small.jpg','img/san_pham/img/san_pham/15428_1470802124-small.jpg','Màu sắc: Kem. <br/>Chất liệu:Da tổng hợp.',22,450000,0,450000,'MINX',1,'2016-11-01 15:43:02','2016-12-09 07:42:36'),(410,11,2,'Giày bít mũi nhọn BMN 0173','img/san_pham/15386_1470726753-small.jpg','img/san_pham/15386_1470726753-small.jpg','img/san_pham/img/san_pham/15386_1470726753-small.jpg','img/san_pham/img/san_pham/15386_1470726753-small.jpg','Màu sắc: Đen. <br/>Chất liệu:Da tổng hợp.',26,525000,0,525000,'MINX',1,'2016-11-01 15:43:02','2016-12-09 07:42:33'),(411,11,2,'Giày bít mũi tròn BMT 0404','img/san_pham/14189_1469865178-small.jpg','img/san_pham/14189_1469865178-small.jpg','img/san_pham/img/san_pham/14189_1469865178-small.jpg','img/san_pham/img/san_pham/14189_1469865178-small.jpg','Màu sắc: Đen. <br/>Chất liệu:Da tổng hợp.',12,425000,0,425000,'MINX',1,'2016-11-01 15:43:02','2016-12-09 07:42:33'),(412,11,2,'Giày bít mũi nhọn BMN 0172','img/san_pham/14169_1469864623-small.jpg','img/san_pham/14169_1469864623-small.jpg','img/san_pham/img/san_pham/14169_1469864623-small.jpg','img/san_pham/img/san_pham/14169_1469864623-small.jpg','Màu sắc: Đen. <br/>Chất liệu:Da tổng hợp.',0,450000,0,450000,'MINX',1,'2016-11-01 15:43:02','2016-12-09 07:42:38'),(413,11,2,'Giày bít hở mũi BHM 0399','img/san_pham/14149_1469864440-small.jpg','img/san_pham/14149_1469864440-small.jpg','img/san_pham/img/san_pham/14149_1469864440-small.jpg','img/san_pham/img/san_pham/14149_1469864440-small.jpg','Màu sắc: Đen. <br/>Chất liệu:Vải len kim tuyến.',30,450000,0,450000,'MINX',1,'2016-11-01 15:43:02','2016-12-09 14:39:30'),(414,11,2,'Giày Bít mũi nhọn BMN 0170','img/san_pham/12826_1468555129-small.jpg','img/san_pham/12826_1468555129-small.jpg','img/san_pham/img/san_pham/12826_1468555129-small.jpg','img/san_pham/img/san_pham/12826_1468555129-small.jpg','Màu sắc: Nâu. <br/>Chất liệu:Da tổng hợp.',30,450000,0,450000,'MINX',1,'2016-11-01 15:43:02','2016-12-09 14:39:30'),(415,11,2,'Giày Bít mũi hở BMH0398','img/san_pham/12844_1468555205-small.jpg','img/san_pham/12844_1468555205-small.jpg','img/san_pham/img/san_pham/12844_1468555205-small.jpg','img/san_pham/img/san_pham/12844_1468555205-small.jpg','Màu sắc: Be. <br/>Chất liệu:Da tổng hợp.',30,495000,0,495000,'MINX',1,'2016-11-01 15:43:02','2016-12-09 14:39:30'),(416,11,2,'Giày Bít mũi nhọn BMN 0169','img/san_pham/12715_1468204980-small.jpg','img/san_pham/12715_1468204980-small.jpg','img/san_pham/img/san_pham/12715_1468204980-small.jpg','img/san_pham/img/san_pham/12715_1468204980-small.jpg','Màu sắc: Kem. <br/>Chất liệu:Da tổng hợp.',30,450000,0,450000,'MINX',1,'2016-11-01 15:43:02','2016-12-09 14:39:30'),(417,11,2,'Giày Bít mũi nhọn BMN 0155','img/san_pham/12749_1468205310-small.jpg','img/san_pham/12749_1468205310-small.jpg','img/san_pham/img/san_pham/12749_1468205310-small.jpg','img/san_pham/img/san_pham/12749_1468205310-small.jpg','Màu sắc: Đen. <br/>Chất liệu:Microfiber.',30,425000,0,425000,'MINX',1,'2016-11-01 15:43:02','2016-12-09 14:39:30'),(418,11,2,'Giày Bít mũi tròn BMT 0400','img/san_pham/12617_1467359318-small.jpg','img/san_pham/12617_1467359318-small.jpg','img/san_pham/img/san_pham/12617_1467359318-small.jpg','img/san_pham/img/san_pham/12617_1467359318-small.jpg','Màu sắc: Đen. <br/>Chất liệu:Da tổng hợp.',30,450000,0,450000,'MINX',1,'2016-11-01 15:43:02','2016-12-09 14:39:30'),(419,11,2,'Giày bít mũi nhọn BMN 0158','img/san_pham/12523_1466739445-small.jpg','img/san_pham/12523_1466739445-small.jpg','img/san_pham/img/san_pham/12523_1466739445-small.jpg','img/san_pham/img/san_pham/12523_1466739445-small.jpg','Màu sắc: Đen. <br/>Chất liệu:da thật.',30,525000,0,525000,'MINX',1,'2016-11-01 15:43:02','2016-12-09 14:39:30'),(420,11,2,'Giày bít mũi nhọn BMN 0168','img/san_pham/12344_1465814342-small.jpg','img/san_pham/12344_1465814342-small.jpg','img/san_pham/img/san_pham/12344_1465814342-small.jpg','img/san_pham/img/san_pham/12344_1465814342-small.jpg','Màu sắc: Xanh da trời. <br/>Chất liệu:da tổng hợp.',30,525000,0,525000,'MINX',1,'2016-11-01 15:43:02','2016-12-09 14:39:30'),(421,11,2,'Giày bít mũi nhọn BMN 0164','img/san_pham/12252_1465383199-small.jpg','img/san_pham/12252_1465383199-small.jpg','img/san_pham/img/san_pham/12252_1465383199-small.jpg','img/san_pham/img/san_pham/12252_1465383199-small.jpg','Màu sắc: Be. <br/>Chất liệu:da tổng hợp.',30,525000,0,525000,'MINX',1,'2016-11-01 15:43:02','2016-12-09 14:39:30'),(422,11,2,'Giày bít mũi nhọn BMN 0162','img/san_pham/12276_1465383340-small.jpg','img/san_pham/12276_1465383340-small.jpg','img/san_pham/img/san_pham/12276_1465383340-small.jpg','img/san_pham/img/san_pham/12276_1465383340-small.jpg','Màu sắc: Đen. <br/>Chất liệu:da tổng hợp.',30,450000,0,450000,'MINX',1,'2016-11-01 15:43:02','2016-12-09 14:39:30'),(423,11,2,'Giày bít mũi nhọn BMN 0157','img/san_pham/12154_1465294497-small.jpg','img/san_pham/12154_1465294497-small.jpg','img/san_pham/img/san_pham/12154_1465294497-small.jpg','img/san_pham/img/san_pham/12154_1465294497-small.jpg','Màu sắc: Đen. <br/>Chất liệu:da tổng hợp.',21,450000,0,450000,'MINX',1,'2016-11-01 15:43:02','2016-12-09 07:42:27'),(424,11,2,'Giày bít mũi nhọn BMN 0118','img/san_pham/12135_1465206681-small.jpg','img/san_pham/12135_1465206681-small.jpg','img/san_pham/img/san_pham/12135_1465206681-small.jpg','img/san_pham/img/san_pham/12135_1465206681-small.jpg','Màu sắc: Đen. <br/>Chất liệu:Da tổng hợp.',16,425000,0,425000,'MINX',1,'2016-11-01 15:43:02','2016-12-09 07:42:23'),(425,11,2,'Giày Bít Mũi Nhọn BMN 0163','img/san_pham/12113_1464924748-small.jpg','img/san_pham/12113_1464924748-small.jpg','img/san_pham/img/san_pham/12113_1464924748-small.jpg','img/san_pham/img/san_pham/12113_1464924748-small.jpg','Màu sắc: Đen. <br/>Chất liệu:Da tổng hợp.',0,495000,0,495000,'MINX',1,'2016-11-01 15:43:02','2016-12-09 07:42:24'),(426,11,2,'Giày Búp Bê Junior JNR 0057','img/san_pham/12046_1464839263-small.jpg','img/san_pham/12046_1464839263-small.jpg','img/san_pham/img/san_pham/12046_1464839263-small.jpg','img/san_pham/img/san_pham/12046_1464839263-small.jpg','Màu sắc: Đen. <br/>Chất liệu:Da tổng hợp.',6,475000,0,475000,'MINX',1,'2016-11-01 15:43:02','2016-12-09 07:42:25'),(427,11,2,'Giày Bít Mũi Nhọn BMN 0159','img/san_pham/12075_1464839673-small.jpg','img/san_pham/12075_1464839673-small.jpg','img/san_pham/img/san_pham/12075_1464839673-small.jpg','img/san_pham/img/san_pham/12075_1464839673-small.jpg','Màu sắc: Đen. <br/>Chất liệu:Da tổng hợp.',30,450000,0,450000,'MINX',1,'2016-11-01 15:43:02','2016-12-09 14:39:30'),(428,11,2,'Giày Bít Mũi Nhọn BMN 0156','img/san_pham/12093_1464839842-small.jpg','img/san_pham/12093_1464839842-small.jpg','img/san_pham/img/san_pham/12093_1464839842-small.jpg','img/san_pham/img/san_pham/12093_1464839842-small.jpg','Màu sắc: Kem. <br/>Chất liệu:Da tổng hợp.',30,475000,0,475000,'MINX',1,'2016-11-01 15:43:02','2016-12-09 14:39:30'),(429,11,2,'Giày Bít mũi tròn BMT 0402','img/san_pham/11826_1463716242-small.jpg','img/san_pham/11826_1463716242-small.jpg','img/san_pham/img/san_pham/11826_1463716242-small.jpg','img/san_pham/img/san_pham/11826_1463716242-small.jpg','Màu sắc: Đỏ. <br/>Chất liệu:Da tổng hợp.',30,450000,0,450000,'MINX',1,'2016-11-01 15:43:02','2016-12-09 14:39:30'),(430,11,2,'Giày Bít mũi nhọn BMN 0160','img/san_pham/11887_1463716577-small.jpg','img/san_pham/11887_1463716577-small.jpg','img/san_pham/img/san_pham/11887_1463716577-small.jpg','img/san_pham/img/san_pham/11887_1463716577-small.jpg','Màu sắc: Xanh da trời. <br/>Chất liệu:Da tổng hợp.',30,450000,0,450000,'MINX',1,'2016-11-01 15:43:02','2016-12-09 14:39:30'),(431,11,2,'Giày Bít mũi nhọn BMN 0165','img/san_pham/11653_1463387370-small.jpg','img/san_pham/11653_1463387370-small.jpg','img/san_pham/img/san_pham/11653_1463387370-small.jpg','img/san_pham/img/san_pham/11653_1463387370-small.jpg','Màu sắc: Đen. <br/>Chất liệu:Da tổng hợp.',15,450000,0,450000,'MINX',1,'2016-11-01 15:43:02','2016-12-09 07:42:27'),(432,11,2,'Giày Bít mũi nhọn BMN 0167','img/san_pham/11671_1463387542-small.jpg','img/san_pham/11671_1463387542-small.jpg','img/san_pham/img/san_pham/11671_1463387542-small.jpg','img/san_pham/img/san_pham/11671_1463387542-small.jpg','Màu sắc: Đen. <br/>Chất liệu:Da tổng hợp.',30,425000,0,425000,'MINX',1,'2016-11-01 15:43:02','2016-12-09 14:39:30'),(433,11,2,'Giày Bít mũi tròn BMT 0401','img/san_pham/11452_1463372985-small.jpg','img/san_pham/11452_1463372985-small.jpg','img/san_pham/img/san_pham/11452_1463372985-small.jpg','img/san_pham/img/san_pham/11452_1463372985-small.jpg','Màu sắc: Xanh da trời. <br/>Chất liệu:Da tổng hợp.',30,425000,0,425000,'MINX',1,'2016-11-01 15:43:02','2016-12-09 14:39:30'),(434,11,2,'Giày bít hở mũi BHM 0397','img/san_pham/11404_1463371399-small.jpg','img/san_pham/11404_1463371399-small.jpg','img/san_pham/img/san_pham/11404_1463371399-small.jpg','img/san_pham/img/san_pham/11404_1463371399-small.jpg','Màu sắc: Xanh dương. <br/>Chất liệu:Da tổng hợp.',30,450000,0,450000,'MINX',1,'2016-11-01 15:43:02','2016-12-09 14:39:30'),(435,11,2,'Giày Bít mũi nhọn BMN 0166','img/san_pham/11434_1463371722-small.jpg','img/san_pham/11434_1463371722-small.jpg','img/san_pham/img/san_pham/11434_1463371722-small.jpg','img/san_pham/img/san_pham/11434_1463371722-small.jpg','Màu sắc: Xanh da trời. <br/>Chất liệu:Da tổng hợp.',7,425000,0,425000,'MINX',1,'2016-11-01 15:43:02','2016-12-09 07:42:38'),(436,11,2,'Giày Bít mũi nhọn BMN 0161','img/san_pham/11416_1463371554-small.jpg','img/san_pham/11416_1463371554-small.jpg','img/san_pham/img/san_pham/11416_1463371554-small.jpg','img/san_pham/img/san_pham/11416_1463371554-small.jpg','Màu sắc: Đen. <br/>Chất liệu:Da tổng hợp.',30,525000,0,525000,'MINX',1,'2016-11-01 15:43:02','2016-12-09 14:39:30'),(437,11,2,'Giày bít mũi nhọn cao gót BMN 0140','img/san_pham/11019_1459845187-small.jpg','img/san_pham/11019_1459845187-small.jpg','img/san_pham/img/san_pham/11019_1459845187-small.jpg','img/san_pham/img/san_pham/11019_1459845187-small.jpg','Màu sắc: Xanh Navy. <br/>Chất liệu:Da lộn tổng hợp.',30,425000,0,425000,'MINX',1,'2016-11-01 15:43:02','2016-12-09 14:39:30'),(438,11,2,'Giày bít mũi nhọn cao gót BMN 0154','img/san_pham/10977_1459765874-small.jpg','img/san_pham/10977_1459765874-small.jpg','img/san_pham/img/san_pham/10977_1459765874-small.jpg','img/san_pham/img/san_pham/10977_1459765874-small.jpg','Màu sắc: Xám. <br/>Chất liệu:Da lộn tổng hợp.',30,450000,0,450000,'MINX',1,'2016-11-01 15:43:02','2016-12-09 14:39:30'),(439,11,2,'Giày bít mũi tròn cao gót BMT 0399','img/san_pham/10983_1459766018-small.jpg','img/san_pham/10983_1459766018-small.jpg','img/san_pham/img/san_pham/10983_1459766018-small.jpg','img/san_pham/img/san_pham/10983_1459766018-small.jpg','Màu sắc: Đỏ bầm. <br/>Chất liệu:Da lộn tổng hợp.',30,365000,0,365000,'MINX',1,'2016-11-01 15:43:02','2016-12-09 14:39:30'),(440,11,2,'Giày bít cao gót BMN 0148','img/san_pham/10318_1457937629-small.jpg','img/san_pham/10318_1457937629-small.jpg','img/san_pham/img/san_pham/10318_1457937629-small.jpg','img/san_pham/img/san_pham/10318_1457937629-small.jpg','Màu sắc: Đen. <br/>Chất liệu:Da lộn tổng hợp.',30,545000,0,545000,'MINX',1,'2016-11-01 15:43:02','2016-12-09 14:39:30'),(441,11,2,'Giày bít cao gót BMN 0149','img/san_pham/9107_1455611815-small.jpg','img/san_pham/9107_1455611815-small.jpg','img/san_pham/img/san_pham/9107_1455611815-small.jpg','img/san_pham/img/san_pham/9107_1455611815-small.jpg','Màu sắc: Đen. <br/>Chất liệu:Da lộn tổng hợp.',19,425000,0,425000,'MINX',1,'2016-11-01 15:43:02','2016-12-09 07:42:26'),(442,11,2,'Giày bít cao gót mũi tròn BMT 861','img/san_pham/4570_1443770353-small.jpg','img/san_pham/4570_1443770353-small.jpg','img/san_pham/img/san_pham/4570_1443770353-small.jpg','img/san_pham/img/san_pham/4570_1443770353-small.jpg','Màu sắc: Đen. <br/>Chất liệu:Da lộn tổng hợp.',30,425000,0,425000,'MINX',1,'2016-11-01 15:43:02','2016-12-09 14:39:30'),(443,11,2,'Giày bít cao gót mũi tròn BMT 285','img/san_pham/9345_1455617221-small.jpg','img/san_pham/9345_1455617221-small.jpg','img/san_pham/img/san_pham/9345_1455617221-small.jpg','img/san_pham/img/san_pham/9345_1455617221-small.jpg','Màu sắc: Đen. <br/>Chất liệu:Da lộn tổng hợp.',30,425000,0,425000,'MINX',1,'2016-11-01 15:43:02','2016-12-09 14:39:30'),(444,11,2,'Giày bít cao gót mũi nhọn BMN 888','img/san_pham/8957_1455531221-small.jpg','img/san_pham/8957_1455531221-small.jpg','img/san_pham/img/san_pham/8957_1455531221-small.jpg','img/san_pham/img/san_pham/8957_1455531221-small.jpg','Màu sắc: Đen. <br/>Chất liệu:Da lộn tổng hợp.',30,385000,0,385000,'MINX',1,'2016-11-01 15:43:02','2016-12-09 14:39:30'),(445,11,2,'Giày đế bệt mũi nhọn BMN 0117','img/san_pham/8939_1455530921-small.jpg','img/san_pham/8939_1455530921-small.jpg','img/san_pham/img/san_pham/8939_1455530921-small.jpg','img/san_pham/img/san_pham/8939_1455530921-small.jpg','Màu sắc: Đen. <br/>Chất liệu:Da lộn tổng hợp.',30,385000,0,385000,'MINX',1,'2016-11-01 15:43:02','2016-12-09 14:39:30'),(446,11,2,'Giày bít mũi nhọn BMN 0113','img/san_pham/8911_1455530507-small.jpg','img/san_pham/8911_1455530507-small.jpg','img/san_pham/img/san_pham/8911_1455530507-small.jpg','img/san_pham/img/san_pham/8911_1455530507-small.jpg','Màu sắc: Đen. <br/>Chất liệu:Da lộn tổng hợp.',30,385000,0,385000,'MINX',1,'2016-11-01 15:43:02','2016-12-09 14:39:30'),(447,11,2,'Giày cao gót bít mũi BMT 0388','img/san_pham/8558_1455521407-small.jpg','img/san_pham/8558_1455521407-small.jpg','img/san_pham/img/san_pham/8558_1455521407-small.jpg','img/san_pham/img/san_pham/8558_1455521407-small.jpg','Màu sắc: Đen. <br/>Chất liệu:Da lộn tổng hợp.',30,450000,0,450000,'MINX',1,'2016-11-01 15:43:02','2016-12-09 14:39:30'),(448,11,2,'Giày cao gót mũi tròn BMT 0387','img/san_pham/8576_1455521454-small.jpg','img/san_pham/8576_1455521454-small.jpg','img/san_pham/img/san_pham/8576_1455521454-small.jpg','img/san_pham/img/san_pham/8576_1455521454-small.jpg','Màu sắc: Da beo. <br/>Chất liệu:Da lộn tổng hợp.',30,450000,0,450000,'MINX',1,'2016-11-01 15:43:02','2016-12-09 14:39:30'),(449,11,2,'Giày bít mũi tròn BMT 0386','img/san_pham/8594_1455521829-small.jpg','img/san_pham/8594_1455521829-small.jpg','img/san_pham/img/san_pham/8594_1455521829-small.jpg','img/san_pham/img/san_pham/8594_1455521829-small.jpg','Màu sắc: Đen. <br/>Chất liệu:Da lộn tổng hợp.',30,475000,0,475000,'MINX',1,'2016-11-01 15:43:02','2016-12-09 14:39:30'),(450,11,2,'Giày cao gót mũi nhọn BMN 099','img/san_pham/8897_1455530403-small.jpg','img/san_pham/8897_1455530403-small.jpg','img/san_pham/img/san_pham/8897_1455530403-small.jpg','img/san_pham/img/san_pham/8897_1455530403-small.jpg','Màu sắc: Đen. <br/>Chất liệu:Da lộn tổng hợp.',30,450000,0,450000,'MINX',1,'2016-11-01 15:43:02','2016-12-09 14:39:30'),(451,11,2,'Giày cao gót bít mũi BMN 0120','img/san_pham/8879_1455529990-small.jpg','img/san_pham/8879_1455529990-small.jpg','img/san_pham/img/san_pham/8879_1455529990-small.jpg','img/san_pham/img/san_pham/8879_1455529990-small.jpg','Màu sắc: Xanh Navy. <br/>Chất liệu:Da lộn tổng hợp.',30,450000,0,450000,'MINX',1,'2016-11-01 15:43:02','2016-12-09 14:39:30'),(452,11,2,'Giày bít cao gót mũi nhọn BMN 0119','img/san_pham/8861_1455529628-small.jpg','img/san_pham/8861_1455529628-small.jpg','img/san_pham/img/san_pham/8861_1455529628-small.jpg','img/san_pham/img/san_pham/8861_1455529628-small.jpg','Màu sắc: Be. <br/>Chất liệu:Da lộn tổng hợp.',30,450000,0,450000,'MINX',1,'2016-11-01 15:43:02','2016-12-09 14:39:30'),(453,11,2,'Giày bít mũi nhọn đính nơ BMN 0114','img/san_pham/8843_1455528620-small.jpg','img/san_pham/8843_1455528620-small.jpg','img/san_pham/img/san_pham/8843_1455528620-small.jpg','img/san_pham/img/san_pham/8843_1455528620-small.jpg','Màu sắc: Kem đậm. <br/>Chất liệu:Da lộn tổng hợp.',30,450000,0,450000,'MINX',1,'2016-11-01 15:43:02','2016-12-09 14:39:30'),(454,12,2,'Giày Sandals kẹp SDK 0241','img/san_pham/12669_1467600029-small.jpg','img/san_pham/12669_1467600029-small.jpg','img/san_pham/img/san_pham/12669_1467600029-small.jpg','img/san_pham/img/san_pham/12669_1467600029-small.jpg','Màu sắc: Xám. <br/>Chất liệu:Da tổng hợp.',0,450000,0,450000,'MINX',1,'2016-11-01 15:43:02','2016-12-09 07:42:28'),(455,12,2,'Giày Sandals đế xuồng SDX 0365','img/san_pham/12544_1467358624-small.jpg','img/san_pham/12544_1467358624-small.jpg','img/san_pham/img/san_pham/12544_1467358624-small.jpg','img/san_pham/img/san_pham/12544_1467358624-small.jpg','Màu sắc: Đỏ. <br/>Chất liệu:Da tổng hợp.',17,450000,0,450000,'MINX',1,'2016-11-01 15:43:02','2016-12-09 07:42:29'),(456,12,2,'Giày Sandals mũi nhọn SDN 0495','img/san_pham/12562_1467358889-small.jpg','img/san_pham/12562_1467358889-small.jpg','img/san_pham/img/san_pham/12562_1467358889-small.jpg','img/san_pham/img/san_pham/12562_1467358889-small.jpg','Màu sắc: Xanh da trời. <br/>Chất liệu:Da tổng hợp.',30,525000,0,525000,'MINX',1,'2016-11-01 15:43:02','2016-12-09 14:39:30'),(457,12,2,'Giày Sandals kẹp SDK 0236','img/san_pham/12587_1467359092-small.jpg','img/san_pham/12587_1467359092-small.jpg','img/san_pham/img/san_pham/12587_1467359092-small.jpg','img/san_pham/img/san_pham/12587_1467359092-small.jpg','Màu sắc: Đen. <br/>Chất liệu:Da tổng hợp.',30,450000,0,450000,'MINX',1,'2016-11-01 15:43:02','2016-12-09 14:39:30'),(458,12,2,'Giày Sandals nhọn SDN 0503','img/san_pham/12438_1466495380-small.jpg','img/san_pham/12438_1466495380-small.jpg','img/san_pham/img/san_pham/12438_1466495380-small.jpg','img/san_pham/img/san_pham/12438_1466495380-small.jpg','Màu sắc: Đen. <br/>Chất liệu:Da tổng hợp.',30,525000,0,525000,'MINX',1,'2016-11-01 15:43:02','2016-12-09 14:39:30'),(459,12,2,'Giày Sandals đế xuồng SDX 0367','img/san_pham/12329_1465814207-small.jpg','img/san_pham/12329_1465814207-small.jpg','img/san_pham/img/san_pham/12329_1465814207-small.jpg','img/san_pham/img/san_pham/12329_1465814207-small.jpg','Màu sắc: Xanh da trời. <br/>Chất liệu:Da tổng hợp.',29,425000,0,425000,'MINX',1,'2016-11-01 15:43:02','2016-12-09 07:42:37'),(460,12,2,'Giày Sandals đế nhọn SDN 0502','img/san_pham/12294_1465808963-small.jpg','img/san_pham/12294_1465808963-small.jpg','img/san_pham/img/san_pham/12294_1465808963-small.jpg','img/san_pham/img/san_pham/12294_1465808963-small.jpg','Màu sắc: Be. <br/>Chất liệu:Da tổng hợp.',30,450000,0,450000,'MINX',1,'2016-11-01 15:43:02','2016-12-09 14:39:30'),(461,12,2,'Giày Sandals đế nhọn SDN 0501','img/san_pham/12300_1465809033-small.jpg','img/san_pham/12300_1465809033-small.jpg','img/san_pham/img/san_pham/12300_1465809033-small.jpg','img/san_pham/img/san_pham/12300_1465809033-small.jpg','Màu sắc: Xám. <br/>Chất liệu:Vải len kim tuyến.',30,450000,0,450000,'MINX',1,'2016-11-01 15:43:02','2016-12-09 14:39:30'),(462,12,2,'Giày Sandals đế nhọn SDN 0500','img/san_pham/11944_1464171489-small.jpg','img/san_pham/11944_1464171489-small.jpg','img/san_pham/img/san_pham/11944_1464171489-small.jpg','img/san_pham/img/san_pham/11944_1464171489-small.jpg','Màu sắc: Đen. <br/>Chất liệu:Da tổng hợp.',30,450000,0,450000,'MINX',1,'2016-11-01 15:43:02','2016-12-09 14:39:30'),(463,12,2,'Giày Sandals JNR 0087','img/san_pham/11859_1463716453-small.jpg','img/san_pham/11859_1463716453-small.jpg','img/san_pham/img/san_pham/11859_1463716453-small.jpg','img/san_pham/img/san_pham/11859_1463716453-small.jpg','Màu sắc: Xanh Navy. <br/>Chất liệu:Da tổng hợp.',30,495000,0,495000,'MINX',1,'2016-11-01 15:43:02','2016-12-09 14:39:30'),(464,12,2,'Sandals Kẹp SDK 0239','img/san_pham/11614_1463385931-small.jpg','img/san_pham/11614_1463385931-small.jpg','img/san_pham/img/san_pham/11614_1463385931-small.jpg','img/san_pham/img/san_pham/11614_1463385931-small.jpg','Màu sắc: Nâu. <br/>Chất liệu:Da tổng hợp.',30,450000,0,450000,'MINX',1,'2016-11-01 15:43:02','2016-12-09 14:39:30'),(465,12,2,'Giày Sandals JNR 0086','img/san_pham/11375_1463023133-small.jpg','img/san_pham/11375_1463023133-small.jpg','img/san_pham/img/san_pham/11375_1463023133-small.jpg','img/san_pham/img/san_pham/11375_1463023133-small.jpg','Màu sắc: Đen. <br/>Chất liệu:Microfiber.',30,425000,0,425000,'MINX',1,'2016-11-01 15:43:02','2016-12-09 14:39:30'),(466,12,2,'Giày Sandals đế xuồng SDX 0368','img/san_pham/11569_1463380537-small.jpg','img/san_pham/11569_1463380537-small.jpg','img/san_pham/img/san_pham/11569_1463380537-small.jpg','img/san_pham/img/san_pham/11569_1463380537-small.jpg','Màu sắc: Đỏ. <br/>Chất liệu:Da tổng hợp.',30,450000,0,450000,'MINX',1,'2016-11-01 15:43:02','2016-12-09 14:39:30'),(467,12,2,'Giày sandals cao gót SDN 0499','img/san_pham/11544_1463379711-small.jpg','img/san_pham/11544_1463379711-small.jpg','img/san_pham/img/san_pham/11544_1463379711-small.jpg','img/san_pham/img/san_pham/11544_1463379711-small.jpg','Màu sắc: Đen. <br/>Chất liệu:da thật.',30,525000,0,525000,'MINX',1,'2016-11-01 15:43:02','2016-12-09 14:39:30'),(468,12,2,'Giày sandals cao gót SDN 0496','img/san_pham/11526_1463379370-small.jpg','img/san_pham/11526_1463379370-small.jpg','img/san_pham/img/san_pham/11526_1463379370-small.jpg','img/san_pham/img/san_pham/11526_1463379370-small.jpg','Màu sắc: Nâu. <br/>Chất liệu:da tổng hợp.',3,525000,0,525000,'MINX',1,'2016-11-01 15:43:02','2016-12-09 07:42:32'),(469,12,2,'Giày Sandals đế xuồng SDX 0366','img/san_pham/11557_1463380428-small.jpg','img/san_pham/11557_1463380428-small.jpg','img/san_pham/img/san_pham/11557_1463380428-small.jpg','img/san_pham/img/san_pham/11557_1463380428-small.jpg','Màu sắc: Đen. <br/>Chất liệu:da tổng hợp.',30,525000,0,525000,'MINX',1,'2016-11-01 15:43:02','2016-12-09 14:39:30'),(470,12,2,'Giày sandals đế bệt JNR 0080','img/san_pham/11103_1460110930-small.jpg','img/san_pham/11103_1460110930-small.jpg','img/san_pham/img/san_pham/11103_1460110930-small.jpg','img/san_pham/img/san_pham/11103_1460110930-small.jpg','Màu sắc: Be. <br/>Chất liệu:da tổng hợp.',30,450000,0,450000,'MINX',1,'2016-11-01 15:43:02','2016-12-09 14:39:30'),(471,12,2,'Giày Sandals cao gót SDN 0494','img/san_pham/11121_1460111011-small.jpg','img/san_pham/11121_1460111011-small.jpg','img/san_pham/img/san_pham/11121_1460111011-small.jpg','img/san_pham/img/san_pham/11121_1460111011-small.jpg','Màu sắc: Hồng. <br/>Chất liệu:da tổng hợp.',30,450000,0,450000,'MINX',1,'2016-11-01 15:43:02','2016-12-09 14:39:30'),(472,12,2,'Giày Sandals đế xuồng SDX 0363','img/san_pham/11133_1460111248-small.jpg','img/san_pham/11133_1460111248-small.jpg','img/san_pham/img/san_pham/11133_1460111248-small.jpg','img/san_pham/img/san_pham/11133_1460111248-small.jpg','Màu sắc: Kem. <br/>Chất liệu:Da tổng hợp.',30,425000,0,425000,'MINX',1,'2016-11-01 15:43:02','2016-12-09 14:39:30'),(473,12,2,'Giày sandals đế xuồng SDX 0364','img/san_pham/10941_1459765598-small.jpg','img/san_pham/10941_1459765598-small.jpg','img/san_pham/img/san_pham/10941_1459765598-small.jpg','img/san_pham/img/san_pham/10941_1459765598-small.jpg','Màu sắc: Trắng. <br/>Chất liệu:Da tổng hợp.',30,495000,0,495000,'MINX',1,'2016-11-01 15:43:02','2016-12-09 14:39:30'),(474,12,2,'Giày sandals xỏ ngón SDK 0237','img/san_pham/10959_1459765766-small.jpg','img/san_pham/10959_1459765766-small.jpg','img/san_pham/img/san_pham/10959_1459765766-small.jpg','img/san_pham/img/san_pham/10959_1459765766-small.jpg','Màu sắc: Đen. <br/>Chất liệu:Da tổng hợp.',18,475000,0,475000,'MINX',1,'2016-11-01 15:43:02','2016-12-09 07:42:28'),(475,12,2,'Giày sandals cao gót SDN 0493','img/san_pham/11001_1459766340-small.jpg','img/san_pham/11001_1459766340-small.jpg','img/san_pham/img/san_pham/11001_1459766340-small.jpg','img/san_pham/img/san_pham/11001_1459766340-small.jpg','Màu sắc: Đen. <br/>Chất liệu:Da tổng hợp.',29,450000,0,450000,'MINX',1,'2016-11-01 15:43:02','2016-12-09 07:42:25'),(476,12,2,'Giày Sandals xỏ ngón SDK 0234','img/san_pham/10336_1458879401-small.jpg','img/san_pham/10336_1458879401-small.jpg','img/san_pham/img/san_pham/10336_1458879401-small.jpg','img/san_pham/img/san_pham/10336_1458879401-small.jpg','Màu sắc: Trắng. <br/>Chất liệu:Da tổng hợp.',30,475000,0,475000,'MINX',1,'2016-11-01 15:43:02','2016-12-09 14:39:30'),(477,12,2,'Giày Sandals đế bệt JNR 0059','img/san_pham/10286_1457602220-small.jpg','img/san_pham/10286_1457602220-small.jpg','img/san_pham/img/san_pham/10286_1457602220-small.jpg','img/san_pham/img/san_pham/10286_1457602220-small.jpg','Màu sắc: Đen. <br/>Chất liệu:Da tổng hợp.',30,450000,0,450000,'MINX',1,'2016-11-01 15:43:02','2016-12-09 14:39:30'),(478,12,2,'Giày Sandals đế xuồng SDX 0354','img/san_pham/10274_1457602038-small.jpg','img/san_pham/10274_1457602038-small.jpg','img/san_pham/img/san_pham/10274_1457602038-small.jpg','img/san_pham/img/san_pham/10274_1457602038-small.jpg','Màu sắc: Hồng. <br/>Chất liệu:Da tổng hợp.',30,450000,0,450000,'MINX',1,'2016-11-01 15:43:02','2016-12-09 14:39:30'),(479,12,2,'Giày Sandals cao gót SDN 888','img/san_pham/9089_1455611708-small.jpg','img/san_pham/9089_1455611708-small.jpg','img/san_pham/img/san_pham/9089_1455611708-small.jpg','img/san_pham/img/san_pham/9089_1455611708-small.jpg','Màu sắc: Xám. <br/>Chất liệu:Da tổng hợp.',30,450000,0,450000,'MINX',1,'2016-11-01 15:43:02','2016-12-09 14:39:30'),(480,12,2,'Giày Sandals đế xuồng SDX 0362','img/san_pham/9079_1455611612-small.jpg','img/san_pham/9079_1455611612-small.jpg','img/san_pham/img/san_pham/9079_1455611612-small.jpg','img/san_pham/img/san_pham/9079_1455611612-small.jpg','Màu sắc: Đen. <br/>Chất liệu:Da tổng hợp.',26,425000,0,425000,'MINX',1,'2016-11-01 15:43:02','2016-12-09 07:42:30'),(481,12,2,'Giày Sandals cao gót SDN 0468','img/san_pham/8301_1454654988-small.jpg','img/san_pham/8301_1454654988-small.jpg','img/san_pham/img/san_pham/8301_1454654988-small.jpg','img/san_pham/img/san_pham/8301_1454654988-small.jpg','Màu sắc: Xanh dương. <br/>Chất liệu:Da tổng hợp.',30,425000,0,425000,'MINX',1,'2016-11-01 15:43:02','2016-12-09 14:39:30'),(482,12,2,'Giày Sandals cao gót quai ngang SDN 0489','img/san_pham/10262_1457601548-small.jpg','img/san_pham/10262_1457601548-small.jpg','img/san_pham/img/san_pham/10262_1457601548-small.jpg','img/san_pham/img/san_pham/10262_1457601548-small.jpg','Màu sắc: Đỏ. <br/>Chất liệu:Da tổng hợp.',18,450000,0,450000,'MINX',1,'2016-11-01 15:43:02','2016-12-09 07:42:25'),(483,13,4,'Balo TXL 1198','img/san_pham/18548_1476067161-small.jpg','img/san_pham/18548_1476067161-small.jpg','img/san_pham/img/san_pham/18548_1476067161-small.jpg','img/san_pham/img/san_pham/18548_1476067161-small.jpg','Màu sắc: Xám. <br/>Chất liệu:Da tổng hợp.',30,450000,0,450000,'MINX',1,'2016-11-01 15:43:02','2016-12-09 14:39:30'),(484,13,4,'Balo TXL 1197','img/san_pham/18552_1476067214-small.jpg','img/san_pham/18552_1476067214-small.jpg','img/san_pham/img/san_pham/18552_1476067214-small.jpg','img/san_pham/img/san_pham/18552_1476067214-small.jpg','Màu sắc: Đỏ. <br/>Chất liệu:Da tổng hợp.',30,450000,0,450000,'MINX',1,'2016-11-01 15:43:02','2016-12-09 14:39:30'),(485,13,4,'Balo khóa kéo TXL 1186','img/san_pham/17673_1472728834-small.jpg','img/san_pham/17673_1472728834-small.jpg','img/san_pham/img/san_pham/17673_1472728834-small.jpg','img/san_pham/img/san_pham/17673_1472728834-small.jpg','Màu sắc: Xanh da trời. <br/>Chất liệu:Da tổng hợp.',7,525000,0,525000,'MINX',1,'2016-11-01 15:43:02','2016-12-09 07:42:32'),(486,13,4,'Balo thời trang trơn TXL 1248','img/san_pham/17453_1472704588-small.jpg','img/san_pham/17453_1472704588-small.jpg','img/san_pham/img/san_pham/17453_1472704588-small.jpg','img/san_pham/img/san_pham/17453_1472704588-small.jpg','Màu sắc: Đen. <br/>Chất liệu:Da tổng hợp.',30,450000,0,450000,'MINX',1,'2016-11-01 15:43:02','2016-12-09 14:39:30'),(487,13,4,'Balo thời trang nắp gập họa tiết da rắn TXL 1187','img/san_pham/17481_1472705098-small.jpg','img/san_pham/17481_1472705098-small.jpg','img/san_pham/img/san_pham/17481_1472705098-small.jpg','img/san_pham/img/san_pham/17481_1472705098-small.jpg','Màu sắc: Đen. <br/>Chất liệu:Da tổng hợp.',30,525000,0,525000,'MINX',1,'2016-11-01 15:43:02','2016-12-09 14:39:30'),(488,13,4,'Balo TXL 1166','img/san_pham/15342_1470314881-small.jpg','img/san_pham/15342_1470314881-small.jpg','img/san_pham/img/san_pham/15342_1470314881-small.jpg','img/san_pham/img/san_pham/15342_1470314881-small.jpg','Màu sắc: Xanh da trời. <br/>Chất liệu:Da tổng hợp.',30,425000,0,425000,'MINX',1,'2016-11-01 15:43:02','2016-12-09 14:39:30'),(489,13,4,'Balo TXL 1176','img/san_pham/15348_1470314925-small.jpg','img/san_pham/15348_1470314925-small.jpg','img/san_pham/img/san_pham/15348_1470314925-small.jpg','img/san_pham/img/san_pham/15348_1470314925-small.jpg','Màu sắc: Be. <br/>Chất liệu:Da tổng hợp.',30,450000,0,450000,'MINX',1,'2016-11-01 15:43:02','2016-12-09 14:39:30'),(490,13,4,'Balo TXL 1177','img/san_pham/12739_1468205064-small.jpg','img/san_pham/12739_1468205064-small.jpg','img/san_pham/img/san_pham/12739_1468205064-small.jpg','img/san_pham/img/san_pham/12739_1468205064-small.jpg','Màu sắc: Xám. <br/>Chất liệu:Vải len kim tuyến.',15,450000,0,450000,'MINX',1,'2016-11-01 15:43:02','2016-12-09 07:42:35'),(491,13,4,'Balo TXL 1167','img/san_pham/12745_1468205151-small.jpg','img/san_pham/12745_1468205151-small.jpg','img/san_pham/img/san_pham/12745_1468205151-small.jpg','img/san_pham/img/san_pham/12745_1468205151-small.jpg','Màu sắc: Đen. <br/>Chất liệu:Da tổng hợp.',7,450000,0,450000,'MINX',1,'2016-11-01 15:43:02','2016-12-09 07:42:37'),(492,13,4,'Balo TXL 1165','img/san_pham/12884_1468926333-small.jpg','img/san_pham/12884_1468926333-small.jpg','img/san_pham/img/san_pham/12884_1468926333-small.jpg','img/san_pham/img/san_pham/12884_1468926333-small.jpg','Màu sắc: Xanh Navy. <br/>Chất liệu:Da tổng hợp.',30,495000,0,495000,'MINX',1,'2016-11-01 15:43:02','2016-12-09 14:39:30'),(493,13,4,'Balo TXL 1094','img/san_pham/12320_1465814083-small.jpg','img/san_pham/12320_1465814083-small.jpg','img/san_pham/img/san_pham/12320_1465814083-small.jpg','img/san_pham/img/san_pham/12320_1465814083-small.jpg','Màu sắc: Nâu. <br/>Chất liệu:Da tổng hợp.',30,450000,0,450000,'MINX',1,'2016-11-01 15:43:02','2016-12-09 14:39:30'),(494,13,4,'Túi xách tay TXL 1105','img/san_pham/12180_1465381948-small.jpg','img/san_pham/12180_1465381948-small.jpg','img/san_pham/img/san_pham/12180_1465381948-small.jpg','img/san_pham/img/san_pham/12180_1465381948-small.jpg','Màu sắc: Đen. <br/>Chất liệu:Microfiber.',30,425000,0,425000,'MINX',1,'2016-11-01 15:43:02','2016-12-09 14:39:30'),(495,13,4,'Balo TXL 1104','img/san_pham/11800_1463715439-small.jpg','img/san_pham/11800_1463715439-small.jpg','img/san_pham/img/san_pham/11800_1463715439-small.jpg','img/san_pham/img/san_pham/11800_1463715439-small.jpg','Màu sắc: Đỏ. <br/>Chất liệu:Da tổng hợp.',30,450000,0,450000,'MINX',1,'2016-11-01 15:43:02','2016-12-09 14:39:30'),(496,13,4,'Balo TXL 1099','img/san_pham/11583_1463380621-small.jpg','img/san_pham/11583_1463380621-small.jpg','img/san_pham/img/san_pham/11583_1463380621-small.jpg','img/san_pham/img/san_pham/11583_1463380621-small.jpg','Màu sắc: Đen. <br/>Chất liệu:da thật.',30,525000,0,525000,'MINX',1,'2016-11-01 15:43:02','2016-12-09 14:39:30'),(497,13,4,'Balo TXL 1093','img/san_pham/11059_1460109872-small.jpg','img/san_pham/11059_1460109872-small.jpg','img/san_pham/img/san_pham/11059_1460109872-small.jpg','img/san_pham/img/san_pham/11059_1460109872-small.jpg','Màu sắc: Nâu. <br/>Chất liệu:da tổng hợp.',30,525000,0,525000,'MINX',1,'2016-11-01 15:43:02','2016-12-09 14:39:30'),(498,13,4,'Balo TXL 1119','img/san_pham/11067_1460110484-small.jpg','img/san_pham/11067_1460110484-small.jpg','img/san_pham/img/san_pham/11067_1460110484-small.jpg','img/san_pham/img/san_pham/11067_1460110484-small.jpg','Màu sắc: Đen. <br/>Chất liệu:da tổng hợp.',30,525000,0,525000,'MINX',1,'2016-11-01 15:43:02','2016-12-09 14:39:30'),(499,13,4,'Balo TXL 1027','img/san_pham/11055_1459846110-small.jpg','img/san_pham/11055_1459846110-small.jpg','img/san_pham/img/san_pham/11055_1459846110-small.jpg','img/san_pham/img/san_pham/11055_1459846110-small.jpg','Màu sắc: Be. <br/>Chất liệu:da tổng hợp.',30,450000,0,450000,'MINX',1,'2016-11-01 15:43:02','2016-12-09 14:39:30'),(500,13,4,'Balo TXL 1092','img/san_pham/10833_1459758404-small.jpg','img/san_pham/10833_1459758404-small.jpg','img/san_pham/img/san_pham/10833_1459758404-small.jpg','img/san_pham/img/san_pham/10833_1459758404-small.jpg','Màu sắc: Hồng. <br/>Chất liệu:da tổng hợp.',30,450000,0,450000,'MINX',1,'2016-11-01 15:43:02','2016-12-09 14:39:30'),(501,13,4,'Balo TXL 1121','img/san_pham/10843_1459760128-small.jpg','img/san_pham/10843_1459760128-small.jpg','img/san_pham/img/san_pham/10843_1459760128-small.jpg','img/san_pham/img/san_pham/10843_1459760128-small.jpg','Màu sắc: Kem. <br/>Chất liệu:Da tổng hợp.',17,425000,0,425000,'MINX',1,'2016-11-01 15:43:02','2016-12-09 07:42:25'),(502,13,4,'Balo TXL 1120','img/san_pham/10849_1459763609-small.jpg','img/san_pham/10849_1459763609-small.jpg','img/san_pham/img/san_pham/10849_1459763609-small.jpg','img/san_pham/img/san_pham/10849_1459763609-small.jpg','Màu sắc: Trắng. <br/>Chất liệu:Da tổng hợp.',30,495000,0,495000,'MINX',1,'2016-11-01 15:43:02','2016-12-09 14:39:30'),(503,13,4,'Ba lô TXL 1026','img/san_pham/10244_1457075809-small.jpg','img/san_pham/10244_1457075809-small.jpg','img/san_pham/img/san_pham/10244_1457075809-small.jpg','img/san_pham/img/san_pham/10244_1457075809-small.jpg','Màu sắc: Đen. <br/>Chất liệu:Da tổng hợp.',3,475000,0,475000,'MINX',1,'2016-11-01 15:43:02','2016-12-09 07:42:38'),(504,13,4,'Túi xách tay TXL 1036','img/san_pham/7751_1452240665-small.jpg','img/san_pham/7751_1452240665-small.jpg','img/san_pham/img/san_pham/7751_1452240665-small.jpg','img/san_pham/img/san_pham/7751_1452240665-small.jpg','Màu sắc: Đen. <br/>Chất liệu:Da tổng hợp.',5,450000,0,450000,'MINX',1,'2016-11-01 15:43:02','2016-12-09 07:42:31'),(505,13,4,'Balo TXL 1039','img/san_pham/7557_1450774429-small.jpg','img/san_pham/7557_1450774429-small.jpg','img/san_pham/img/san_pham/7557_1450774429-small.jpg','img/san_pham/img/san_pham/7557_1450774429-small.jpg','Màu sắc: Trắng. <br/>Chất liệu:Da tổng hợp.',30,475000,0,475000,'MINX',1,'2016-11-01 15:43:02','2016-12-09 14:39:30'),(506,13,4,'Túi xách TXL 1006','img/san_pham/7439_1449546271-small.jpg','img/san_pham/7439_1449546271-small.jpg','img/san_pham/img/san_pham/7439_1449546271-small.jpg','img/san_pham/img/san_pham/7439_1449546271-small.jpg','Màu sắc: Đen. <br/>Chất liệu:Da tổng hợp.',30,450000,0,450000,'MINX',1,'2016-11-01 15:43:02','2016-12-09 14:39:30'),(507,13,4,'Balo TXL 1032','img/san_pham/6821_1448675692-small.jpg','img/san_pham/6821_1448675692-small.jpg','img/san_pham/img/san_pham/6821_1448675692-small.jpg','img/san_pham/img/san_pham/6821_1448675692-small.jpg','Màu sắc: Hồng. <br/>Chất liệu:Da tổng hợp.',20,450000,0,450000,'MINX',1,'2016-11-01 15:43:02','2016-12-09 07:42:32'),(508,13,4,'Balo TXL 1019','img/san_pham/6847_1448679270-small.jpg','img/san_pham/6847_1448679270-small.jpg','img/san_pham/img/san_pham/6847_1448679270-small.jpg','img/san_pham/img/san_pham/6847_1448679270-small.jpg','Màu sắc: Xám. <br/>Chất liệu:Da tổng hợp.',30,450000,0,450000,'MINX',1,'2016-11-01 15:43:02','2016-12-09 14:39:30'),(509,13,4,'Ba lô nắp gập TXL 0742','img/san_pham/6725_1446540739-small.jpg','img/san_pham/6725_1446540739-small.jpg','img/san_pham/img/san_pham/6725_1446540739-small.jpg','img/san_pham/img/san_pham/6725_1446540739-small.jpg','Màu sắc: Đen. <br/>Chất liệu:Da tổng hợp.',30,425000,0,425000,'MINX',1,'2016-11-01 15:43:02','2016-12-09 14:39:30'),(510,13,4,'Balo nắp gập TXL 0732','img/san_pham/6223_1444718153-small.jpg','img/san_pham/6223_1444718153-small.jpg','img/san_pham/img/san_pham/6223_1444718153-small.jpg','img/san_pham/img/san_pham/6223_1444718153-small.jpg','Màu sắc: Xanh dương. <br/>Chất liệu:Da tổng hợp.',30,425000,0,425000,'MINX',1,'2016-11-01 15:43:02','2016-12-09 14:39:30'),(511,14,3,'Túi xách nắp gập đính kim loại TXL 1242','img/san_pham/17648_1472728442-small.jpg','img/san_pham/17648_1472728442-small.jpg','img/san_pham/img/san_pham/17648_1472728442-small.jpg','img/san_pham/img/san_pham/17648_1472728442-small.jpg','Màu sắc: Xám. <br/>Chất liệu:Da tổng hợp.',30,450000,0,450000,'MINX',1,'2016-11-01 15:43:02','2016-12-09 14:39:30'),(512,14,3,'Túi xách hai quai da trơn TXL 1196','img/san_pham/17652_1472728551-small.jpg','img/san_pham/17652_1472728551-small.jpg','img/san_pham/img/san_pham/17652_1472728551-small.jpg','img/san_pham/img/san_pham/17652_1472728551-small.jpg','Màu sắc: Đỏ. <br/>Chất liệu:Da tổng hợp.',30,450000,0,450000,'MINX',1,'2016-11-01 15:43:02','2016-12-09 14:39:30'),(513,14,3,'Túi xách cách điệu TXL 1195','img/san_pham/17658_1472728603-small.jpg','img/san_pham/17658_1472728603-small.jpg','img/san_pham/img/san_pham/17658_1472728603-small.jpg','img/san_pham/img/san_pham/17658_1472728603-small.jpg','Màu sắc: Xanh da trời. <br/>Chất liệu:Da tổng hợp.',30,525000,0,525000,'MINX',1,'2016-11-01 15:43:02','2016-12-09 14:39:30'),(514,14,3,'Túi xách nắp gập khóa gài kim loại TXL 1194','img/san_pham/17662_1472728676-small.jpg','img/san_pham/17662_1472728676-small.jpg','img/san_pham/img/san_pham/17662_1472728676-small.jpg','img/san_pham/img/san_pham/17662_1472728676-small.jpg','Màu sắc: Đen. <br/>Chất liệu:Da tổng hợp.',30,450000,0,450000,'MINX',1,'2016-11-01 15:43:02','2016-12-09 14:39:30'),(515,14,3,'Túi xách nắp hai khóa kéo TXL 1193','img/san_pham/17669_1472728774-small.jpg','img/san_pham/17669_1472728774-small.jpg','img/san_pham/img/san_pham/17669_1472728774-small.jpg','img/san_pham/img/san_pham/17669_1472728774-small.jpg','Màu sắc: Đen. <br/>Chất liệu:Da tổng hợp.',30,525000,0,525000,'MINX',1,'2016-11-01 15:43:02','2016-12-09 14:39:30'),(516,14,3,'Túi xách tay khóa cách điệu TXL 494','img/san_pham/17677_1472728888-small.jpg','img/san_pham/17677_1472728888-small.jpg','img/san_pham/img/san_pham/17677_1472728888-small.jpg','img/san_pham/img/san_pham/17677_1472728888-small.jpg','Màu sắc: Xanh da trời. <br/>Chất liệu:Da tổng hợp.',5,425000,0,425000,'MINX',1,'2016-11-01 15:43:02','2016-12-09 07:42:29'),(517,14,3,'Túi xách TXL 1170','img/san_pham/15440_1470802156-small.jpg','img/san_pham/15440_1470802156-small.jpg','img/san_pham/img/san_pham/15440_1470802156-small.jpg','img/san_pham/img/san_pham/15440_1470802156-small.jpg','Màu sắc: Be. <br/>Chất liệu:Da tổng hợp.',26,450000,0,450000,'MINX',1,'2016-11-01 15:43:02','2016-12-09 07:42:30'),(518,14,3,'Túi xách TXL 1169','img/san_pham/15442_1470802201-small.jpg','img/san_pham/15442_1470802201-small.jpg','img/san_pham/img/san_pham/15442_1470802201-small.jpg','img/san_pham/img/san_pham/15442_1470802201-small.jpg','Màu sắc: Xám. <br/>Chất liệu:Vải len kim tuyến.',30,450000,0,450000,'MINX',1,'2016-11-01 15:43:02','2016-12-09 14:39:30'),(519,14,3,'Túi xách TXL 1178','img/san_pham/15352_1470314954-small.jpg','img/san_pham/15352_1470314954-small.jpg','img/san_pham/img/san_pham/15352_1470314954-small.jpg','img/san_pham/img/san_pham/15352_1470314954-small.jpg','Màu sắc: Đen. <br/>Chất liệu:Da tổng hợp.',30,450000,0,450000,'MINX',1,'2016-11-01 15:43:02','2016-12-09 14:39:30'),(520,14,3,'Túi xách TXL 1180','img/san_pham/15356_1470314998-small.jpg','img/san_pham/15356_1470314998-small.jpg','img/san_pham/img/san_pham/15356_1470314998-small.jpg','img/san_pham/img/san_pham/15356_1470314998-small.jpg','Màu sắc: Xanh Navy. <br/>Chất liệu:Da tổng hợp.',30,495000,0,495000,'MINX',1,'2016-11-01 15:43:02','2016-12-09 14:39:30'),(521,14,3,'Túi xách TXL 1188','img/san_pham/14222_1469865843-small.jpg','img/san_pham/14222_1469865843-small.jpg','img/san_pham/img/san_pham/14222_1469865843-small.jpg','img/san_pham/img/san_pham/14222_1469865843-small.jpg','Màu sắc: Nâu. <br/>Chất liệu:Da tổng hợp.',30,450000,0,450000,'MINX',1,'2016-11-01 15:43:02','2016-12-09 14:39:30'),(522,14,3,'Túi xách TXL 1185','img/san_pham/14228_1469865918-small.jpg','img/san_pham/14228_1469865918-small.jpg','img/san_pham/img/san_pham/14228_1469865918-small.jpg','img/san_pham/img/san_pham/14228_1469865918-small.jpg','Màu sắc: Đen. <br/>Chất liệu:Microfiber.',30,425000,0,425000,'MINX',1,'2016-11-01 15:43:02','2016-12-09 14:39:30'),(523,14,3,'Túi xách nắp gập đính kim loại TXL 1242','img/san_pham/17648_1472728442-small.jpg','img/san_pham/17648_1472728442-small.jpg','img/san_pham/img/san_pham/17648_1472728442-small.jpg','img/san_pham/img/san_pham/17648_1472728442-small.jpg','Màu sắc: Đỏ. <br/>Chất liệu:Da tổng hợp.',30,450000,0,450000,'MINX',1,'2016-11-01 15:43:02','2016-12-09 14:39:30'),(524,14,3,'Túi xách hai quai da trơn TXL 1196','img/san_pham/17652_1472728551-small.jpg','img/san_pham/17652_1472728551-small.jpg','img/san_pham/img/san_pham/17652_1472728551-small.jpg','img/san_pham/img/san_pham/17652_1472728551-small.jpg','Màu sắc: Đen. <br/>Chất liệu:da thật.',30,525000,0,525000,'MINX',1,'2016-11-01 15:43:03','2016-12-09 14:39:30'),(525,14,3,'Túi xách cách điệu TXL 1195','img/san_pham/17658_1472728603-small.jpg','img/san_pham/17658_1472728603-small.jpg','img/san_pham/img/san_pham/17658_1472728603-small.jpg','img/san_pham/img/san_pham/17658_1472728603-small.jpg','Màu sắc: Nâu. <br/>Chất liệu:da tổng hợp.',30,525000,0,525000,'MINX',1,'2016-11-01 15:43:03','2016-12-09 14:39:30'),(526,14,3,'Túi xách nắp gập khóa gài kim loại TXL 1194','img/san_pham/17662_1472728676-small.jpg','img/san_pham/17662_1472728676-small.jpg','img/san_pham/img/san_pham/17662_1472728676-small.jpg','img/san_pham/img/san_pham/17662_1472728676-small.jpg','Màu sắc: Đen. <br/>Chất liệu:da tổng hợp.',25,525000,0,525000,'MINX',1,'2016-11-01 15:43:03','2016-12-09 07:42:35'),(527,14,3,'Túi xách nắp hai khóa kéo TXL 1193','img/san_pham/17669_1472728774-small.jpg','img/san_pham/17669_1472728774-small.jpg','img/san_pham/img/san_pham/17669_1472728774-small.jpg','img/san_pham/img/san_pham/17669_1472728774-small.jpg','Màu sắc: Be. <br/>Chất liệu:da tổng hợp.',1,450000,0,450000,'MINX',1,'2016-11-01 15:43:03','2016-12-09 07:42:34'),(528,14,3,'Túi xách tay khóa cách điệu TXL 494','img/san_pham/17677_1472728888-small.jpg','img/san_pham/17677_1472728888-small.jpg','img/san_pham/img/san_pham/17677_1472728888-small.jpg','img/san_pham/img/san_pham/17677_1472728888-small.jpg','Màu sắc: Hồng. <br/>Chất liệu:da tổng hợp.',30,450000,0,450000,'MINX',1,'2016-11-01 15:43:03','2016-12-09 14:39:30'),(529,14,3,'Túi xách TXL 1170','img/san_pham/15440_1470802156-small.jpg','img/san_pham/15440_1470802156-small.jpg','img/san_pham/img/san_pham/15440_1470802156-small.jpg','img/san_pham/img/san_pham/15440_1470802156-small.jpg','Màu sắc: Kem. <br/>Chất liệu:Da tổng hợp.',30,425000,0,425000,'MINX',1,'2016-11-01 15:43:03','2016-12-09 14:39:30'),(530,14,3,'Túi xách TXL 1169','img/san_pham/15442_1470802201-small.jpg','img/san_pham/15442_1470802201-small.jpg','img/san_pham/img/san_pham/15442_1470802201-small.jpg','img/san_pham/img/san_pham/15442_1470802201-small.jpg','Màu sắc: Trắng. <br/>Chất liệu:Da tổng hợp.',22,495000,0,495000,'MINX',1,'2016-11-01 15:43:03','2016-12-09 07:42:27'),(531,14,3,'Túi xách TXL 1178','img/san_pham/15352_1470314954-small.jpg','img/san_pham/15352_1470314954-small.jpg','img/san_pham/img/san_pham/15352_1470314954-small.jpg','img/san_pham/img/san_pham/15352_1470314954-small.jpg','Màu sắc: Đen. <br/>Chất liệu:Da tổng hợp.',30,475000,0,475000,'MINX',1,'2016-11-01 15:43:03','2016-12-09 14:39:30'),(532,14,3,'Túi xách TXL 1180','img/san_pham/15356_1470314998-small.jpg','img/san_pham/15356_1470314998-small.jpg','img/san_pham/img/san_pham/15356_1470314998-small.jpg','img/san_pham/img/san_pham/15356_1470314998-small.jpg','Màu sắc: Đen. <br/>Chất liệu:Da tổng hợp.',30,450000,0,450000,'MINX',1,'2016-11-01 15:43:03','2016-12-09 14:39:30'),(533,14,3,'Túi xách TXL 1188','img/san_pham/14222_1469865843-small.jpg','img/san_pham/14222_1469865843-small.jpg','img/san_pham/img/san_pham/14222_1469865843-small.jpg','img/san_pham/img/san_pham/14222_1469865843-small.jpg','Màu sắc: Trắng. <br/>Chất liệu:Da tổng hợp.',30,475000,0,475000,'MINX',1,'2016-11-01 15:43:03','2016-12-09 14:39:30'),(534,14,3,'Túi xách TXL 1185','img/san_pham/14228_1469865918-small.jpg','img/san_pham/14228_1469865918-small.jpg','img/san_pham/img/san_pham/14228_1469865918-small.jpg','img/san_pham/img/san_pham/14228_1469865918-small.jpg','Màu sắc: Đen. <br/>Chất liệu:Da tổng hợp.',30,450000,0,450000,'MINX',1,'2016-11-01 15:43:03','2016-12-09 14:39:30'),(535,14,3,'Túi xách TXL 1184','img/san_pham/14236_1469866058-small.jpg','img/san_pham/14236_1469866058-small.jpg','img/san_pham/img/san_pham/14236_1469866058-small.jpg','img/san_pham/img/san_pham/14236_1469866058-small.jpg','Màu sắc: Hồng. <br/>Chất liệu:Da tổng hợp.',30,450000,0,450000,'MINX',1,'2016-11-01 15:43:03','2016-12-09 14:39:30'),(536,14,3,'Túi xách TXL 1181','img/san_pham/14218_1469865790-small.jpg','img/san_pham/14218_1469865790-small.jpg','img/san_pham/img/san_pham/14218_1469865790-small.jpg','img/san_pham/img/san_pham/14218_1469865790-small.jpg','Màu sắc: Xám. <br/>Chất liệu:Da tổng hợp.',30,450000,0,450000,'MINX',1,'2016-11-01 15:43:03','2016-12-09 14:39:30'),(537,14,3,'Túi xách TXL 1171','img/san_pham/12774_1468554602-small.jpg','img/san_pham/12774_1468554602-small.jpg','img/san_pham/img/san_pham/12774_1468554602-small.jpg','img/san_pham/img/san_pham/12774_1468554602-small.jpg','Màu sắc: Đen. <br/>Chất liệu:Da tổng hợp.',30,425000,0,425000,'MINX',1,'2016-11-01 15:43:03','2016-12-09 14:39:30'),(538,14,3,'Túi xách TXL 1173','img/san_pham/12784_1468554637-small.jpg','img/san_pham/12784_1468554637-small.jpg','img/san_pham/img/san_pham/12784_1468554637-small.jpg','img/san_pham/img/san_pham/12784_1468554637-small.jpg','Màu sắc: Xanh dương. <br/>Chất liệu:Da tổng hợp.',30,425000,0,425000,'MINX',1,'2016-11-01 15:43:03','2016-12-09 14:39:30'),(539,14,3,'Túi xách TXL 1174','img/san_pham/12786_1468554769-small.jpg','img/san_pham/12786_1468554769-small.jpg','img/san_pham/img/san_pham/12786_1468554769-small.jpg','img/san_pham/img/san_pham/12786_1468554769-small.jpg','Màu sắc: Đỏ. <br/>Chất liệu:Da tổng hợp.',30,450000,0,450000,'MINX',1,'2016-11-01 15:43:03','2016-12-09 14:39:30');
/*!40000 ALTER TABLE `san_pham` ENABLE KEYS */;
UNLOCK TABLES;

--
-- Table structure for table `tai_khoan_nguoi_ban`
--

DROP TABLE IF EXISTS `tai_khoan_nguoi_ban`;
/*!40101 SET @saved_cs_client     = @@character_set_client */;
/*!40101 SET character_set_client = utf8 */;
CREATE TABLE `tai_khoan_nguoi_ban` (
  `id` int(10) unsigned NOT NULL AUTO_INCREMENT,
  `ten_dang_nhap` varchar(255) COLLATE utf8_unicode_ci NOT NULL,
  `mat_khau` varchar(255) COLLATE utf8_unicode_ci NOT NULL,
  `email` varchar(255) COLLATE utf8_unicode_ci NOT NULL,
  `ten_shop` varchar(255) COLLATE utf8_unicode_ci NOT NULL,
  `anh_dai_dien` varchar(255) COLLATE utf8_unicode_ci NOT NULL DEFAULT 'public/img/tai_khoan_nguoi_mua/no-avatar.png',
  `gioi_tinh` tinyint(4) NOT NULL,
  `ho` varchar(255) COLLATE utf8_unicode_ci NOT NULL,
  `ten` varchar(255) COLLATE utf8_unicode_ci NOT NULL,
  `so_dien_thoai` varchar(255) COLLATE utf8_unicode_ci DEFAULT NULL,
  `dia_chi` varchar(255) COLLATE utf8_unicode_ci DEFAULT NULL,
  `ma_kich_hoat` varchar(255) COLLATE utf8_unicode_ci DEFAULT NULL,
  `so_tai_khoan` varchar(255) COLLATE utf8_unicode_ci DEFAULT NULL,
  `ma_khoi_phuc_mat_khau` varchar(255) COLLATE utf8_unicode_ci DEFAULT NULL,
  `id_tinh_trang` int(11) NOT NULL DEFAULT '0',
  `remember_token` varchar(100) COLLATE utf8_unicode_ci DEFAULT NULL,
  `ngay_tao` timestamp NOT NULL DEFAULT CURRENT_TIMESTAMP,
  `ngay_cap_nhat` timestamp NOT NULL DEFAULT CURRENT_TIMESTAMP ON UPDATE CURRENT_TIMESTAMP,
  PRIMARY KEY (`id`),
  UNIQUE KEY `tai_khoan_nguoi_ban_ten_dang_nhap_unique` (`ten_dang_nhap`),
  UNIQUE KEY `tai_khoan_nguoi_ban_email_unique` (`email`),
  UNIQUE KEY `tai_khoan_nguoi_ban_ten_shop_unique` (`ten_shop`)
) ENGINE=InnoDB AUTO_INCREMENT=6 DEFAULT CHARSET=utf8 COLLATE=utf8_unicode_ci;
/*!40101 SET character_set_client = @saved_cs_client */;

--
-- Dumping data for table `tai_khoan_nguoi_ban`
--

LOCK TABLES `tai_khoan_nguoi_ban` WRITE;
/*!40000 ALTER TABLE `tai_khoan_nguoi_ban` DISABLE KEYS */;
INSERT INTO `tai_khoan_nguoi_ban` VALUES (1,'xuan','$2y$10$KvTWbjpu98fMCN1a2RlEGOuObzWK1JZQVvMjrJgsu0jifbDbXvatS','xuan@gmail.com','Shop xiaomi','public/img/tai_khoan_nguoi_mua/no-avatar.png',1,'Huynh','Xuan','0678265870','j7rYl6OduQ','KoMbzzrys5fjsHvupkHG',NULL,NULL,9,NULL,'2008-12-06 11:41:24','2008-12-06 11:41:24'),(2,'nhieu','$2y$10$9Dypdha8lqoNelWPuLLDIO/BnraY39gd1wvsDMMVpkPd4EYaYVajS','nhieu@gmail.com','Shop oppo','public/img/tai_khoan_nguoi_mua/no-avatar.png',1,'Nguyen','Nhieu','0198561983','kxk3jRY7wT','bdAddV8WpNHRKo5jNQbt',NULL,NULL,10,NULL,'2008-12-06 11:41:24','2008-12-06 11:41:24'),(3,'hieu','$2y$10$IHo/9aZhr5Jodk1bDZz3Q.J9btxV5Ebg/OuG8AGmnZtIy4WUTFMM2','hieu@gmail.com','Son handmade','public/img/tai_khoan_nguoi_mua/no-avatar.png',0,'Nguyen','Hieu','0880439515','AhqsjPIk6s','VoOn4HXVS1NXioZFebfN',NULL,NULL,8,NULL,'2008-12-06 11:41:24','2008-12-06 11:41:24'),(4,'nhu','$2y$10$GbNjZLxJ8O0fp2UpqACjmOe0CyUinczYMs4yqIjJ3TryymzUoBZ5a','nhu@gmail.com','Shop đồ cũ','public/img/tai_khoan_nguoi_mua/no-avatar.png',0,'Tran','Nhu','0482179231','lNHvhjnE41','9mvQbYtAibRFPCuDX1FA',NULL,NULL,9,NULL,'2008-12-06 11:41:24','2008-12-06 11:41:24'),(5,'quan','$2y$10$AzEAYNNaPBdd.9WIjrrR..N1NQzCVNuzq6YnLWUg9p8Cusn1hI2tq','quan@gmail.com','Shop dầu dừa','public/img/tai_khoan_nguoi_mua/no-avatar.png',1,'Ha','Quan','0445099000','JFBEHeovNb','x5DaHGUZzk2f1TXOgBMx',NULL,NULL,8,NULL,'2008-12-06 11:41:24','2008-12-06 11:41:24');
/*!40000 ALTER TABLE `tai_khoan_nguoi_ban` ENABLE KEYS */;
UNLOCK TABLES;

--
-- Table structure for table `tai_khoan_nguoi_mua`
--

DROP TABLE IF EXISTS `tai_khoan_nguoi_mua`;
/*!40101 SET @saved_cs_client     = @@character_set_client */;
/*!40101 SET character_set_client = utf8 */;
CREATE TABLE `tai_khoan_nguoi_mua` (
  `id` int(10) unsigned NOT NULL AUTO_INCREMENT,
  `ten_dang_nhap` varchar(255) COLLATE utf8_unicode_ci NOT NULL,
  `mat_khau` varchar(255) COLLATE utf8_unicode_ci NOT NULL,
  `email` varchar(255) COLLATE utf8_unicode_ci NOT NULL,
  `anh_dai_dien` varchar(255) COLLATE utf8_unicode_ci NOT NULL DEFAULT 'public/img/tai_khoan_nguoi_mua/no-avatar.png',
  `gioi_tinh` tinyint(4) NOT NULL,
  `ho` varchar(255) COLLATE utf8_unicode_ci NOT NULL,
  `ten` varchar(255) COLLATE utf8_unicode_ci NOT NULL,
  `so_dien_thoai` varchar(255) COLLATE utf8_unicode_ci DEFAULT NULL,
  `dia_chi` varchar(255) COLLATE utf8_unicode_ci DEFAULT NULL,
  `ma_kich_hoat` varchar(255) COLLATE utf8_unicode_ci DEFAULT NULL,
  `ma_khoi_phuc_mat_khau` varchar(255) COLLATE utf8_unicode_ci DEFAULT NULL,
  `id_tinh_trang` int(11) NOT NULL DEFAULT '0',
  `remember_token` varchar(100) COLLATE utf8_unicode_ci DEFAULT NULL,
  `ngay_tao` timestamp NOT NULL DEFAULT CURRENT_TIMESTAMP,
  `ngay_cap_nhat` timestamp NOT NULL DEFAULT CURRENT_TIMESTAMP ON UPDATE CURRENT_TIMESTAMP,
  PRIMARY KEY (`id`),
  UNIQUE KEY `tai_khoan_nguoi_mua_ten_dang_nhap_unique` (`ten_dang_nhap`),
  UNIQUE KEY `tai_khoan_nguoi_mua_email_unique` (`email`)
) ENGINE=InnoDB AUTO_INCREMENT=6 DEFAULT CHARSET=utf8 COLLATE=utf8_unicode_ci;
/*!40101 SET character_set_client = @saved_cs_client */;

--
-- Dumping data for table `tai_khoan_nguoi_mua`
--

LOCK TABLES `tai_khoan_nguoi_mua` WRITE;
/*!40000 ALTER TABLE `tai_khoan_nguoi_mua` DISABLE KEYS */;
INSERT INTO `tai_khoan_nguoi_mua` VALUES (1,'hien','$2y$10$AmSeh4/qwfdnMk1XnCQwhu/OUt8e5Y8UEMRCetpcJ2k0/FY46afFu','hien@gmail.com','public/img/tai_khoan_nguoi_mua/no-avatar.png',0,'Huynh','Hiền','0858164796','OWDPSlUnwn','slwIGtxQUiXwcXyonHlz',NULL,13,NULL,'2013-01-05 13:16:50','2013-01-05 13:16:50'),(2,'nhung','$2y$10$uQX.Uw7QMn5HN1CJWQqHV.mbDgTRZRyVPNRgCG6cP2cwFMYNqZlpK','nhung@gmail.com','public/img/tai_khoan_nguoi_mua/no-avatar.png',0,'Phạm','Nhung','0968767548','xRVGYCdfIk','UcBTbKlzI34XIrEpNXYs',NULL,11,NULL,'2013-01-05 13:16:50','2013-01-05 13:16:50'),(3,'nhan','$2y$10$IasJMHvhTU9wthXYpcsxaeasQ2cyjLGV0iBd9AcqbWck2Tq3uVvxu','nhan@gmail.com','public/img/tai_khoan_nguoi_mua/no-avatar.png',1,'Nguyễn','Nhân','0492147035','lsreQPR74N','FieUK1qLCKjfAPgJWI0w',NULL,12,NULL,'2013-01-05 13:16:50','2013-01-05 13:16:50'),(4,'hung','$2y$10$f1YMRjsQqaExFrUposuGIuDHXDTZQy/xOZFa4madjtL1hMn8s5FYS','hung@gmail.com','public/img/tai_khoan_nguoi_mua/no-avatar.png',0,'Lê','Hùng','0316740266','PpzUNEDyUd','yXWFI0YAqF5gEB8ajyB8',NULL,13,NULL,'2013-01-05 13:16:50','2013-01-05 13:16:50'),(5,'tram','$2y$10$rU8hPmEoePjDwkVBLDpbrekWNLvpoE0AZsP2zz9ay1qETEA6xBBX2','tram@gmail.com','public/img/tai_khoan_nguoi_mua/no-avatar.png',2,'Phạm','Trâm','0550146363','arn4FIWPlx','iRvFiK9MnSTg1NXAPjVP',NULL,13,NULL,'2013-01-05 13:16:50','2013-01-05 13:16:50');
/*!40000 ALTER TABLE `tai_khoan_nguoi_mua` ENABLE KEYS */;
UNLOCK TABLES;

--
-- Table structure for table `thong_tin_giao_hang`
--

DROP TABLE IF EXISTS `thong_tin_giao_hang`;
/*!40101 SET @saved_cs_client     = @@character_set_client */;
/*!40101 SET character_set_client = utf8 */;
CREATE TABLE `thong_tin_giao_hang` (
  `id` int(10) unsigned NOT NULL AUTO_INCREMENT,
  `id_tai_khoan` int(11) NOT NULL,
  `dia_chi` varchar(255) COLLATE utf8_unicode_ci NOT NULL,
  `so_dien_thoai` varchar(11) COLLATE utf8_unicode_ci NOT NULL,
  `ten_nguoi_nhan` varchar(255) COLLATE utf8_unicode_ci NOT NULL,
  PRIMARY KEY (`id`)
) ENGINE=InnoDB DEFAULT CHARSET=utf8 COLLATE=utf8_unicode_ci;
/*!40101 SET character_set_client = @saved_cs_client */;

--
-- Dumping data for table `thong_tin_giao_hang`
--

LOCK TABLES `thong_tin_giao_hang` WRITE;
/*!40000 ALTER TABLE `thong_tin_giao_hang` DISABLE KEYS */;
/*!40000 ALTER TABLE `thong_tin_giao_hang` ENABLE KEYS */;
UNLOCK TABLES;

--
-- Table structure for table `tinh_trang`
--

DROP TABLE IF EXISTS `tinh_trang`;
/*!40101 SET @saved_cs_client     = @@character_set_client */;
/*!40101 SET character_set_client = utf8 */;
CREATE TABLE `tinh_trang` (
  `id` int(10) unsigned NOT NULL AUTO_INCREMENT,
  `tinh_trang` varchar(255) COLLATE utf8_unicode_ci NOT NULL,
  `bang` varchar(255) COLLATE utf8_unicode_ci NOT NULL,
  `thuoc_tinh` varchar(255) COLLATE utf8_unicode_ci NOT NULL,
  PRIMARY KEY (`id`)
) ENGINE=InnoDB AUTO_INCREMENT=14 DEFAULT CHARSET=utf8 COLLATE=utf8_unicode_ci;
/*!40101 SET character_set_client = @saved_cs_client */;

--
-- Dumping data for table `tinh_trang`
--

LOCK TABLES `tinh_trang` WRITE;
/*!40000 ALTER TABLE `tinh_trang` DISABLE KEYS */;
INSERT INTO `tinh_trang` VALUES (1,'Còn hàng','san_pham','id_tinh_trang'),(2,'Hết hàng','san_pham','id_tinh_trang'),(3,'Chưa liên lạc','giao_dich','id_tinh_trang'),(4,'Chưa giao','giao_dich','id_tinh_trang'),(5,'Giao thành công','giao_dich','id_tinh_trang'),(6,'Giao không thành công','giao_dich','id_tinh_trang'),(7,'Hủy','giao_dich','id_tinh_trang'),(8,'Chưa kích hoạt','tai_khoan_nguoi_ban','id_tinh_trang'),(9,'Đã kích hoạt','tai_khoan_nguoi_ban','id_tinh_trang'),(10,'Bị khóa','tai_khoan_nguoi_ban','id_tinh_trang'),(11,'Chưa kích hoạt','tai_khoan_nguoi_mua','id_tinh_trang'),(12,'Đã kích hoạt','tai_khoan_nguoi_mua','id_tinh_trang'),(13,'Bị khóa','tai_khoan_nguoi_mua','id_tinh_trang');
/*!40000 ALTER TABLE `tinh_trang` ENABLE KEYS */;
UNLOCK TABLES;

--
-- Table structure for table `users`
--

DROP TABLE IF EXISTS `users`;
/*!40101 SET @saved_cs_client     = @@character_set_client */;
/*!40101 SET character_set_client = utf8 */;
CREATE TABLE `users` (
  `id` int(10) unsigned NOT NULL AUTO_INCREMENT,
  `name` varchar(255) COLLATE utf8_unicode_ci NOT NULL,
  `email` varchar(255) COLLATE utf8_unicode_ci NOT NULL,
  `password` varchar(255) COLLATE utf8_unicode_ci NOT NULL,
  `remember_token` varchar(100) COLLATE utf8_unicode_ci DEFAULT NULL,
  `created_at` timestamp NULL DEFAULT NULL,
  `updated_at` timestamp NULL DEFAULT NULL,
  PRIMARY KEY (`id`),
  UNIQUE KEY `users_email_unique` (`email`)
) ENGINE=InnoDB DEFAULT CHARSET=utf8 COLLATE=utf8_unicode_ci;
/*!40101 SET character_set_client = @saved_cs_client */;

--
-- Dumping data for table `users`
--

LOCK TABLES `users` WRITE;
/*!40000 ALTER TABLE `users` DISABLE KEYS */;
/*!40000 ALTER TABLE `users` ENABLE KEYS */;
UNLOCK TABLES;
/*!40103 SET TIME_ZONE=@OLD_TIME_ZONE */;

/*!40101 SET SQL_MODE=@OLD_SQL_MODE */;
/*!40014 SET FOREIGN_KEY_CHECKS=@OLD_FOREIGN_KEY_CHECKS */;
/*!40014 SET UNIQUE_CHECKS=@OLD_UNIQUE_CHECKS */;
/*!40101 SET CHARACTER_SET_CLIENT=@OLD_CHARACTER_SET_CLIENT */;
/*!40101 SET CHARACTER_SET_RESULTS=@OLD_CHARACTER_SET_RESULTS */;
/*!40101 SET COLLATION_CONNECTION=@OLD_COLLATION_CONNECTION */;
/*!40111 SET SQL_NOTES=@OLD_SQL_NOTES */;

-- Dump completed on 2016-12-09 21:44:42
